name,startup_key,website_url,resolved_url,commercial_fetched_at,commercial_maturity_score,commercial_momentum_score,commercial_signal_count,pricing_signal,customer_evidence_signal,enterprise_signal,careers_signal,security_signal,integrations_signal,developer_docs_signal,self_serve_signal,sales_motion_signal,page_word_count,page_link_count,snapshot_date
ClickHouse,clickhouse,https://clickhouse.com,https://clickhouse.com/,2026-08-10T07:38:17.561706+00:00,86.0,86.0,8.0,1.0,1.0,0.0,1.0,1.0,1.0,1.0,1.0,1.0,1225.0,214.0,2026-08-10
BuilderIO,builderio,https://builder.io,https://www.builder.io/,2026-08-10T07:38:17.600573+00:00,100.0,100.0,9.0,1.0,1.0,1.0,1.0,1.0,1.0,1.0,1.0,1.0,1166.0,72.0,2026-08-10
ChainSafe,chainsafe,https://chainsafe.io,https://chainsafe.io/,2026-08-10T07:38:17.619367+00:00,9.0,9.0,1.0,0.0,0.0,0.0,0.0,0.0,1.0,0.0,0.0,0.0,753.0,44.0,2026-08-10
CelestiaProject,celestiaproject,https://celestiaproject.space,https://celestiaproject.space/,2026-08-10T07:38:17.697289+00:00,0.0,0.0,0.0,0.0,0.0,0.0,0.0,0.0,0.0,0.0,0.0,0.0,527.0,29.0,2026-08-10
Adyen,adyen,https://adyen.com,https://www.adyen.com/,2026-08-10T07:38:17.771928+00:00,56.0,56.0,5.0,1.0,0.0,1.0,1.0,0.0,1.0,1.0,0.0,0.0,550.0,44.0,2026-08-10
BLB3DPrinting,blb3dprinting,https://blb3dprinting.com,https://blb3dprinting.com/,2026-08-10T07:38:17.887990+00:00,0.0,0.0,0.0,0.0,0.0,0.0,0.0,0.0,0.0,0.0,0.0,0.0,419.0,31.0,2026-08-10
DaedalusDock,daedalusdock,https://daedalus13.net,https://daedalus13.net/,2026-08-10T07:38:18.013041+00:00,0.0,0.0,0.0,0.0,0.0,0.0,0.0,0.0,0.0,0.0,0.0,0.0,22.0,0.0,2026-08-10
CosmWasm,cosmwasm,https://cosmwasm.com,https://cosmwasm.com/,2026-08-10T07:38:18.069637+00:00,0.0,0.0,0.0,0.0,0.0,0.0,0.0,0.0,0.0,0.0,0.0,0.0,597.0,19.0,2026-08-10
Association-DataRing,association-dataring,https://www.data-ring.net,https://www.data-ring.net/,2026-08-10T07:38:18.115487+00:00,0.0,0.0,0.0,0.0,0.0,0.0,0.0,0.0,0.0,0.0,0.0,0.0,2479.0,204.0,2026-08-10
Consensys,consensys,https://www.consensys.io,https://consensys.io/,2026-08-10T07:38:18.148405+00:00,47.0,47.0,4.0,0.0,1.0,0.0,1.0,1.0,0.0,1.0,0.0,0.0,810.0,57.0,2026-08-10
BIRU-Scop,biru-scop,https://biru.sh,https://biru.sh/en/,2026-08-10T07:38:18.155481+00:00,0.0,0.0,0.0,0.0,0.0,0.0,0.0,0.0,0.0,0.0,0.0,0.0,519.0,32.0,2026-08-10
DataSQRL,datasqrl,http://www.datasqrl.com,https://www.datasqrl.com/,2026-08-10T07:38:18.184338+00:00,34.0,34.0,3.0,0.0,1.0,0.0,0.0,0.0,1.0,1.0,0.0,0.0,1225.0,11.0,2026-08-10
AdguardTeam,adguardteam,https://adguard.com,https://adguard.com/en/welcome.html,2026-08-10T07:38:18.213074+00:00,20.0,20.0,2.0,0.0,0.0,1.0,0.0,0.0,0.0,0.0,1.0,0.0,5484.0,321.0,2026-08-10
Epic-Breakfast-Productions,epic-breakfast-productions,http://epic-breakfast-productions.tech,https://epic-breakfast-productions.tech/,2026-08-10T07:38:18.238134+00:00,0.0,0.0,0.0,0.0,0.0,0.0,0.0,0.0,0.0,0.0,0.0,0.0,144.0,6.0,2026-08-10
AbsaOSS,absaoss,https://www.absa.co.za,https://www.absa.co.za/personal/,2026-08-10T07:38:18.283682+00:00,10.0,10.0,1.0,0.0,0.0,0.0,1.0,0.0,0.0,0.0,0.0,0.0,737.0,71.0,2026-08-10
DSACMS,dsacms,https://cms.gov/digital-service/open-source-program-office,https://www.cms.gov/digital-service/open-source-program-office,2026-08-10T07:38:18.322921+00:00,63.0,63.0,5.0,1.0,1.0,0.0,1.0,0.0,1.0,0.0,1.0,0.0,2254.0,385.0,2026-08-10
Grashjs,grashjs,https://atlas-cmms.com,https://atlas-cmms.com/,2026-08-10T07:38:18.461607+00:00,50.0,50.0,4.0,1.0,1.0,0.0,0.0,0.0,0.0,0.0,1.0,1.0,1341.0,46.0,2026-08-10
HeliosSoftware,heliossoftware,https://heliossoftware.com,https://heliossoftware.com/,2026-08-10T07:38:18.482236+00:00,35.0,35.0,3.0,0.0,1.0,0.0,1.0,0.0,0.0,1.0,0.0,0.0,820.0,46.0,2026-08-10
GetStream,getstream,https://getstream.io,https://getstream.io/,2026-08-10T07:38:18.512590+00:00,90.0,90.0,8.0,1.0,1.0,1.0,0.0,1.0,1.0,1.0,1.0,1.0,1653.0,128.0,2026-08-10
IEEE-VIT,ieee-vit,https://ieeevit.org,https://ieeevit.org/,2026-08-10T07:38:18.581507+00:00,0.0,0.0,0.0,0.0,0.0,0.0,0.0,0.0,0.0,0.0,0.0,0.0,1.0,0.0,2026-08-10
ARPA-SIMC,arpa-simc,https://www.arpae.it/it/temi-ambientali/meteo/cosa-fa-arpae-meteo,https://www.arpae.it/it/temi-ambientali/meteo/cosa-fa-arpae-meteo,2026-08-10T07:38:18.589842+00:00,0.0,0.0,0.0,0.0,0.0,0.0,0.0,0.0,0.0,0.0,0.0,0.0,571.0,43.0,2026-08-10
FoodOntology,foodontology,http://foodon.org,https://foodon.org/,2026-08-10T07:38:18.614480+00:00,0.0,0.0,0.0,0.0,0.0,0.0,0.0,0.0,0.0,0.0,0.0,0.0,1553.0,106.0,2026-08-10
DoliCloud,dolicloud,https://www.dolicloud.com,https://www.dolicloud.com/,2026-08-10T07:38:18.651824+00:00,24.0,24.0,2.0,1.0,0.0,0.0,0.0,0.0,0.0,0.0,1.0,0.0,643.0,53.0,2026-08-10
LacledesLAN,lacledeslan,https://lacledeslan.com,https://lacledeslan.com/,2026-08-10T07:38:18.694647+00:00,0.0,0.0,0.0,0.0,0.0,0.0,0.0,0.0,0.0,0.0,0.0,0.0,394.0,25.0,2026-08-10
L5lua,l5lua,https://l5lua.org,https://l5lua.org/,2026-08-10T07:38:18.762062+00:00,0.0,0.0,0.0,0.0,0.0,0.0,0.0,0.0,0.0,0.0,0.0,0.0,826.0,21.0,2026-08-10
ClassIsland,classisland,https://classisland.tech,https://www.classisland.tech/,2026-08-10T07:38:18.776428+00:00,5.0,5.0,1.0,0.0,0.0,0.0,0.0,0.0,0.0,1.0,0.0,0.0,281.0,30.0,2026-08-10
MahoCommerce,mahocommerce,https://mahocommerce.com,https://mahocommerce.com/,2026-08-10T07:38:18.827088+00:00,20.0,20.0,3.0,0.0,0.0,0.0,0.0,0.0,1.0,1.0,1.0,0.0,1697.0,224.0,2026-08-10
HopHubProject,hophubproject,https://hophub.xyz,https://hophub.xyz/,2026-08-10T07:38:18.848023+00:00,0.0,0.0,0.0,0.0,0.0,0.0,0.0,0.0,0.0,0.0,0.0,0.0,521.0,19.0,2026-08-10
KDE,kde,https://kde.org,https://kde.org/,2026-08-10T07:38:18.892991+00:00,5.0,5.0,1.0,0.0,0.0,0.0,0.0,0.0,0.0,1.0,0.0,0.0,1016.0,157.0,2026-08-10
HCW-home,hcw-home,https://hcw-at-home.com,https://hcw-at-home.com/,2026-08-10T07:38:18.915958+00:00,29.0,29.0,3.0,1.0,0.0,0.0,0.0,0.0,0.0,1.0,1.0,0.0,684.0,40.0,2026-08-10
Lifecycle-Innovations-Limited,lifecycle-innovations-limited,https://www.healify.ai,https://www.healify.ai/,2026-08-10T07:38:19.108078+00:00,18.0,18.0,1.0,1.0,0.0,0.0,0.0,0.0,0.0,0.0,0.0,0.0,1029.0,52.0,2026-08-10
NASA-AMMOS,nasa-ammos,https://ammos.nasa.gov,https://ammos.nasa.gov/,2026-08-10T07:38:19.123555+00:00,22.0,22.0,2.0,0.0,0.0,0.0,1.0,1.0,0.0,0.0,0.0,0.0,504.0,199.0,2026-08-10
Official-MoonDao,official-moondao,https://moondao.com,https://www.moondao.com/,2026-08-10T07:38:19.301455+00:00,24.0,24.0,3.0,0.0,0.0,0.0,1.0,0.0,1.0,1.0,0.0,0.0,992.0,107.0,2026-08-10
MystenLabs,mystenlabs,https://mystenlabs.com,https://www.mystenlabs.com/,2026-08-10T07:38:19.348187+00:00,15.0,15.0,2.0,0.0,0.0,0.0,1.0,0.0,0.0,1.0,0.0,0.0,1473.0,276.0,2026-08-10
Open-Cap-Stack,open-cap-stack,https://opencapstack.com,https://opencapstack.com/,2026-08-10T07:38:19.354313+00:00,43.0,43.0,3.0,1.0,1.0,0.0,0.0,0.0,0.0,1.0,0.0,0.0,740.0,28.0,2026-08-10
OpenCircuits,opencircuits,https://opencircuits.io,https://opencircuits.io/,2026-08-10T07:38:19.420595+00:00,0.0,0.0,0.0,0.0,0.0,0.0,0.0,0.0,0.0,0.0,0.0,0.0,4.0,0.0,2026-08-10
NethermindEth,nethermindeth,https://nethermind.io,https://www.nethermind.io/,2026-08-10T07:38:19.491691+00:00,34.0,34.0,2.0,0.0,1.0,1.0,0.0,0.0,0.0,0.0,0.0,0.0,1640.0,174.0,2026-08-10
Mountea-Framework,mountea-framework,https://mountea.tools,https://mountea.tools/,2026-08-10T07:38:19.501576+00:00,0.0,0.0,0.0,0.0,0.0,0.0,0.0,0.0,0.0,0.0,0.0,0.0,13.0,5.0,2026-08-10
KyberNetwork,kybernetwork,http://kyber.network,https://kyber.network/,2026-08-10T07:38:19.572723+00:00,26.0,26.0,3.0,0.0,0.0,0.0,0.0,1.0,1.0,1.0,0.0,0.0,875.0,64.0,2026-08-10
MOVACT,movact,https://movact.de,https://www.movact.de/,2026-08-10T07:38:19.613360+00:00,0.0,0.0,0.0,0.0,0.0,0.0,0.0,0.0,0.0,0.0,0.0,0.0,380.0,21.0,2026-08-10
ParabolInc,parabolinc,https://www.parabol.co,https://www.parabol.co/,2026-08-10T07:38:19.648204+00:00,58.0,58.0,5.0,1.0,0.0,1.0,0.0,1.0,1.0,1.0,0.0,0.0,957.0,96.0,2026-08-10
OpenZeppelin,openzeppelin,https://openzeppelin.com,https://www.openzeppelin.com/,2026-08-10T07:38:19.763572+00:00,47.0,47.0,4.0,0.0,1.0,0.0,1.0,1.0,0.0,1.0,0.0,0.0,1409.0,225.0,2026-08-10
IntersectMBO,intersectmbo,https://www.intersectmbo.org,https://www.intersectmbo.org/,2026-08-10T07:38:19.892558+00:00,24.0,24.0,3.0,0.0,0.0,0.0,1.0,0.0,1.0,1.0,0.0,0.0,3344.0,150.0,2026-08-10
Paymenter,paymenter,https://paymenter.org,https://paymenter.org/,2026-08-10T07:38:19.948541+00:00,14.0,14.0,2.0,0.0,0.0,0.0,0.0,0.0,1.0,1.0,0.0,0.0,517.0,63.0,2026-08-10
PostHog,posthog,https://posthog.com,https://posthog.com/,2026-08-10T07:38:20.125961+00:00,59.0,59.0,5.0,1.0,1.0,0.0,1.0,0.0,0.0,1.0,1.0,0.0,656.0,95.0,2026-08-10
OpenByteInc,openbyteinc,https://www.quantdinger.com,https://www.quantdinger.com/,2026-08-10T07:38:20.137810+00:00,15.0,15.0,2.0,0.0,0.0,0.0,0.0,0.0,1.0,0.0,1.0,0.0,2651.0,66.0,2026-08-10
OpnForm,opnform,https://opnform.com,https://opnform.com/,2026-08-10T07:38:20.146777+00:00,84.0,84.0,7.0,1.0,1.0,1.0,0.0,1.0,1.0,1.0,1.0,0.0,812.0,51.0,2026-08-10
OpenCyphal,opencyphal,http://opencyphal.org,https://opencyphal.org/,2026-08-10T07:38:20.156586+00:00,0.0,0.0,0.0,0.0,0.0,0.0,0.0,0.0,0.0,0.0,0.0,0.0,2206.0,172.0,2026-08-10
Point72,point72,https://point72.com,https://point72.com/,2026-08-10T07:38:20.187488+00:00,10.0,10.0,1.0,0.0,0.0,0.0,1.0,0.0,0.0,0.0,0.0,0.0,827.0,100.0,2026-08-10
PastVu,pastvu,https://pastvu.com,https://pastvu.com/,2026-08-10T07:38:20.190084+00:00,0.0,0.0,0.0,0.0,0.0,0.0,0.0,0.0,0.0,0.0,0.0,0.0,5.0,0.0,2026-08-10
PCGEx,pcgex,https://pcgex.gitbook.io/pcgex/,https://pcgex.gitbook.io/pcgex,2026-08-10T07:38:20.203370+00:00,5.0,5.0,1.0,0.0,0.0,0.0,0.0,0.0,0.0,1.0,0.0,0.0,436.0,75.0,2026-08-10
PyVRP,pyvrp,https://pyvrp.org,https://pyvrp.org/,2026-08-10T07:38:20.244870+00:00,5.0,5.0,1.0,0.0,0.0,0.0,0.0,0.0,0.0,1.0,0.0,0.0,373.0,67.0,2026-08-10
QuartermindGames,quartermindgames,https://quartermind.com,https://quartermind.com/,2026-08-10T07:38:20.305422+00:00,0.0,0.0,0.0,0.0,0.0,0.0,0.0,0.0,0.0,0.0,0.0,0.0,13.0,1.0,2026-08-10
Qloapps,qloapps,https://qloapps.com,https://qloapps.com/,2026-08-10T07:38:20.320217+00:00,61.0,61.0,5.0,0.0,1.0,1.0,0.0,1.0,1.0,0.0,0.0,1.0,1508.0,109.0,2026-08-10
Payroll-Engine,payroll-engine,https://payrollengine.org,https://payrollengine.org/,2026-08-10T07:38:20.330070+00:00,12.0,12.0,1.0,0.0,0.0,0.0,0.0,1.0,0.0,0.0,0.0,0.0,681.0,112.0,2026-08-10
RBND-studio,rbnd-studio,https://rbnd.studio,https://rbnd.studio/,2026-08-10T07:38:20.403085+00:00,0.0,0.0,0.0,0.0,0.0,0.0,0.0,0.0,0.0,0.0,0.0,0.0,85.0,7.0,2026-08-10
RouteVN,routevn,https://routevn.com,https://routevn.com/,2026-08-10T07:38:20.482200+00:00,0.0,0.0,0.0,0.0,0.0,0.0,0.0,0.0,0.0,0.0,0.0,0.0,14.0,1.0,2026-08-10
StanfordSpezi,stanfordspezi,https://spezi.stanford.edu,https://spezi.stanford.edu/,2026-08-10T07:38:20.633512+00:00,21.0,21.0,2.0,0.0,0.0,0.0,0.0,1.0,1.0,0.0,0.0,0.0,409.0,54.0,2026-08-10
RocketPy-Team,rocketpy-team,https://rocketpy.org,https://rocketpy-team.github.io/,2026-08-10T07:38:20.649340+00:00,25.0,25.0,2.0,0.0,1.0,0.0,0.0,0.0,0.0,1.0,0.0,0.0,1233.0,61.0,2026-08-10
SigNoz,signoz,https://signoz.io,https://signoz.io/,2026-08-10T07:38:20.724312+00:00,85.0,85.0,7.0,1.0,1.0,1.0,1.0,1.0,0.0,1.0,0.0,1.0,1347.0,71.0,2026-08-10
Submitty,submitty,http://submitty.org,https://submitty.org/,2026-08-10T07:38:20.840234+00:00,0.0,0.0,0.0,0.0,0.0,0.0,0.0,0.0,0.0,0.0,0.0,0.0,9.0,1.0,2026-08-10
SFDigitalServices,sfdigitalservices,https://sf.gov/departments/city-administrator/digital-services,https://www.sf.gov/departments/city-administrator/digital-services,2026-08-10T07:38:20.904937+00:00,0.0,0.0,0.0,0.0,0.0,0.0,0.0,0.0,0.0,0.0,0.0,0.0,0.0,0.0,2026-08-10
WebODM,webodm,https://webodm.org,https://webodm.org/,2026-08-10T07:38:20.955122+00:00,5.0,5.0,1.0,0.0,0.0,0.0,0.0,0.0,0.0,1.0,0.0,0.0,523.0,37.0,2026-08-10
PhotoFlare,photoflare,http://www.photoflare.io,https://photoflare.io/,2026-08-10T07:38:20.959089+00:00,0.0,0.0,0.0,0.0,0.0,0.0,0.0,0.0,0.0,0.0,0.0,0.0,230.0,55.0,2026-08-10
SeismicSystems,seismicsystems,https://seismic.systems,https://www.seismic.systems/,2026-08-10T07:38:20.998576+00:00,5.0,5.0,1.0,0.0,0.0,0.0,0.0,0.0,0.0,1.0,0.0,0.0,624.0,83.0,2026-08-10
Velocidex,velocidex,https://www.velocidex.com,https://www.velocidex.com/,2026-08-10T07:38:21.063957+00:00,5.0,5.0,1.0,0.0,0.0,0.0,0.0,0.0,0.0,1.0,0.0,0.0,3.0,1.0,2026-08-10
WillowInc,willowinc,https://willowinc.com,https://willowinc.com/,2026-08-10T07:38:21.213421+00:00,20.0,20.0,1.0,0.0,1.0,0.0,0.0,0.0,0.0,0.0,0.0,0.0,1218.0,74.0,2026-08-10
ZemerTeam,zemerteam,https://zemer.io,https://zemer.io/,2026-08-10T07:38:21.248510+00:00,5.0,5.0,1.0,0.0,0.0,0.0,0.0,0.0,0.0,1.0,0.0,0.0,283.0,14.0,2026-08-10
SatDump,satdump,https://satdump.org,https://www.satdump.org/,2026-08-10T07:38:21.284529+00:00,5.0,5.0,1.0,0.0,0.0,0.0,0.0,0.0,0.0,1.0,0.0,0.0,452.0,25.0,2026-08-10
Synapsr,synapsr,https://synapsr.io,https://synapsr.io/,2026-08-10T07:38:21.356923+00:00,0.0,0.0,0.0,0.0,0.0,0.0,0.0,0.0,0.0,0.0,0.0,0.0,736.0,21.0,2026-08-10
accordproject,accordproject,https://www.accordproject.org,https://accordproject.org/,2026-08-10T07:38:21.364040+00:00,26.0,26.0,3.0,0.0,0.0,0.0,0.0,1.0,1.0,1.0,0.0,0.0,759.0,63.0,2026-08-10
activist-org,activist-org,https://activist.org,https://activist.org/,2026-08-10T07:38:21.367063+00:00,0.0,0.0,0.0,0.0,0.0,0.0,0.0,0.0,0.0,0.0,0.0,0.0,1.0,0.0,2026-08-10
Yellow-Dog-Man,yellow-dog-man,https://yellowdogman.com,https://yellowdogman.com/,2026-08-10T07:38:21.469215+00:00,0.0,0.0,0.0,0.0,0.0,0.0,0.0,0.0,0.0,0.0,0.0,0.0,800.0,14.0,2026-08-10
aptos-labs,aptos-labs,https://aptoslabs.com,https://aptoslabs.com/,2026-08-10T07:38:21.640016+00:00,10.0,10.0,1.0,0.0,0.0,0.0,1.0,0.0,0.0,0.0,0.0,0.0,938.0,40.0,2026-08-10
ai-shifu,ai-shifu,https://ai-shifu.com,https://ai-shifu.com/,2026-08-10T07:38:21.671093+00:00,0.0,0.0,0.0,0.0,0.0,0.0,0.0,0.0,0.0,0.0,0.0,0.0,290.0,13.0,2026-08-10
OpenOLAT,openolat,https://www.openolat.org,https://www.openolat.com/,2026-08-10T07:38:21.685042+00:00,5.0,5.0,1.0,0.0,0.0,0.0,0.0,0.0,0.0,1.0,0.0,0.0,2323.0,155.0,2026-08-10
alloy-rs,alloy-rs,https://www.paradigm.xyz/oss/alloy,https://www.paradigm.xyz/oss/alloy,2026-08-10T07:38:21.693565+00:00,10.0,10.0,1.0,0.0,0.0,0.0,1.0,0.0,0.0,0.0,0.0,0.0,386.0,60.0,2026-08-10
airbytehq,airbytehq,https://airbyte.io,https://airbyte.com/,2026-08-10T07:38:21.703349+00:00,57.0,57.0,6.0,1.0,0.0,0.0,1.0,1.0,0.0,1.0,1.0,1.0,448.0,54.0,2026-08-10
XCO-Agency,xco-agency,https://xco.agency,https://xco.agency/,2026-08-10T07:38:21.739599+00:00,53.0,53.0,4.0,1.0,1.0,0.0,0.0,0.0,1.0,0.0,1.0,0.0,897.0,85.0,2026-08-10
ar-io,ar-io,https://ar.io,https://ar.io/,2026-08-10T07:38:21.832516+00:00,39.0,39.0,3.0,0.0,1.0,1.0,0.0,0.0,0.0,1.0,0.0,0.0,855.0,59.0,2026-08-10
aphp,aphp,https://www.aphp.fr,https://www.aphp.fr/,2026-08-10T07:38:22.129408+00:00,0.0,0.0,0.0,0.0,0.0,0.0,0.0,0.0,0.0,0.0,0.0,0.0,3070.0,316.0,2026-08-10
TheXTech,thextech,https://wohlsoft.ru/projects/TheXTech/,https://wohlsoft.ru/projects/TheXTech/,2026-08-10T07:38:22.174664+00:00,5.0,5.0,1.0,0.0,0.0,0.0,0.0,0.0,0.0,1.0,0.0,0.0,8301.0,185.0,2026-08-10
axone-protocol,axone-protocol,https://axone.xyz,https://axone.xyz/,2026-08-10T07:38:22.244475+00:00,14.0,14.0,2.0,0.0,0.0,0.0,0.0,0.0,1.0,1.0,0.0,0.0,1711.0,57.0,2026-08-10
argotorg,argotorg,https://argot.org,https://www.argot.org/,2026-08-10T07:38:22.260719+00:00,0.0,0.0,0.0,0.0,0.0,0.0,0.0,0.0,0.0,0.0,0.0,0.0,164.0,14.0,2026-08-10
archtechx,archtechx,https://archte.ch,https://archte.ch/,2026-08-10T07:38:22.270973+00:00,10.0,10.0,1.0,0.0,0.0,0.0,1.0,0.0,0.0,0.0,0.0,0.0,113.0,31.0,2026-08-10
OCSInventory-NG,ocsinventory-ng,http://www.ocsinventory-ng.org,https://ocsinventory-ng.org/?lang=fr,2026-08-10T07:38:22.297418+00:00,0.0,0.0,0.0,0.0,0.0,0.0,0.0,0.0,0.0,0.0,0.0,0.0,847.0,25.0,2026-08-10
aws-samples,aws-samples,https://amazon.com/aws,https://aws.amazon.com/getting-started/?sc_channel=BA,2026-08-10T07:38:22.384261+00:00,70.0,70.0,6.0,1.0,1.0,0.0,0.0,1.0,1.0,1.0,1.0,0.0,1323.0,137.0,2026-08-10
bagisto,bagisto,https://bagisto.com,https://bagisto.com/en/,2026-08-10T07:38:22.415761+00:00,84.0,84.0,7.0,1.0,1.0,1.0,0.0,1.0,1.0,1.0,0.0,1.0,1713.0,158.0,2026-08-10
akaunting,akaunting,https://akaunting.com,https://akaunting.com/,2026-08-10T07:38:22.441562+00:00,5.0,5.0,1.0,0.0,0.0,0.0,0.0,0.0,0.0,1.0,0.0,0.0,620.0,86.0,2026-08-10
bakaphp,bakaphp,https://kanvas.dev,https://kanvas.dev/,2026-08-10T07:38:22.453260+00:00,43.0,43.0,3.0,1.0,1.0,0.0,0.0,0.0,0.0,1.0,0.0,0.0,1017.0,28.0,2026-08-10
bevyengine,bevyengine,https://bevy.org,https://bevy.org/,2026-08-10T07:38:22.469038+00:00,0.0,0.0,0.0,0.0,0.0,0.0,0.0,0.0,0.0,0.0,0.0,0.0,944.0,26.0,2026-08-10
aureuserp,aureuserp,https://aureuserp.com,https://aureuserp.com/,2026-08-10T07:38:22.487789+00:00,70.0,70.0,6.0,1.0,1.0,0.0,0.0,1.0,1.0,1.0,0.0,1.0,1224.0,85.0,2026-08-10
atrocore,atrocore,https://www.atrocore.com,https://www.atrocore.com/en,2026-08-10T07:38:22.530194+00:00,60.0,60.0,4.0,1.0,1.0,0.0,1.0,1.0,0.0,0.0,0.0,0.0,840.0,71.0,2026-08-10
boardgameio,boardgameio,https://boardgame.io,https://boardgame.io/,2026-08-10T07:38:22.638616+00:00,0.0,0.0,0.0,0.0,0.0,0.0,0.0,0.0,0.0,0.0,0.0,0.0,167.0,8.0,2026-08-10
bitcoin-dev-project,bitcoin-dev-project,https://bitcoindevs.xyz,https://bitcoindevs.xyz/,2026-08-10T07:38:22.737973+00:00,0.0,0.0,0.0,0.0,0.0,0.0,0.0,0.0,0.0,0.0,0.0,0.0,735.0,40.0,2026-08-10
bruin-data,bruin-data,https://getbruin.com,https://getbruin.com/,2026-08-10T07:38:22.783465+00:00,67.0,67.0,6.0,0.0,1.0,1.0,0.0,1.0,1.0,0.0,1.0,1.0,2384.0,48.0,2026-08-10
bic-org,bic-org,https://www.bic-code.org,https://www.bic-code.org/,2026-08-10T07:38:22.803004+00:00,0.0,0.0,0.0,0.0,0.0,0.0,0.0,0.0,0.0,0.0,0.0,0.0,2055.0,93.0,2026-08-10
calagopus,calagopus,https://calagopus.com,https://calagopus.com/,2026-08-10T07:38:22.858611+00:00,17.0,17.0,2.0,0.0,0.0,0.0,0.0,1.0,0.0,1.0,0.0,0.0,661.0,33.0,2026-08-10
ccao-data,ccao-data,https://www.cookcountyassessoril.gov,https://www.cookcountyassessoril.gov/,2026-08-10T07:38:22.962170+00:00,6.0,6.0,1.0,0.0,0.0,0.0,0.0,0.0,0.0,0.0,1.0,0.0,979.0,178.0,2026-08-10
chainstacklabs,chainstacklabs,https://chainstack.com,https://chainstack.com/,2026-08-10T07:38:22.990582+00:00,88.0,88.0,7.0,1.0,1.0,1.0,1.0,1.0,1.0,1.0,0.0,0.0,1621.0,145.0,2026-08-10
canton-network,canton-network,https://canton.network,https://www.canton.network/,2026-08-10T07:38:23.018153+00:00,0.0,0.0,0.0,0.0,0.0,0.0,0.0,0.0,0.0,0.0,0.0,0.0,643.0,66.0,2026-08-10
bigprof-software,bigprof-software,https://bigprof.com,https://bigprof.com/,2026-08-10T07:38:23.060299+00:00,31.0,31.0,3.0,0.0,1.0,0.0,0.0,0.0,0.0,1.0,1.0,0.0,1152.0,48.0,2026-08-10
castle-engine,castle-engine,https://castle-engine.io,https://castle-engine.io/,2026-08-10T07:38:23.065230+00:00,5.0,5.0,1.0,0.0,0.0,0.0,0.0,0.0,0.0,1.0,0.0,0.0,462.0,74.0,2026-08-10
celerp,celerp,https://www.celerp.com,https://celerp.com/,2026-08-10T07:38:23.125437+00:00,46.0,46.0,4.0,1.0,0.0,1.0,0.0,0.0,1.0,1.0,0.0,0.0,1295.0,42.0,2026-08-10
churnkey,churnkey,https://churnkey.co,https://churnkey.co/,2026-08-10T07:38:23.145836+00:00,86.0,86.0,8.0,1.0,1.0,0.0,1.0,1.0,1.0,1.0,1.0,1.0,1675.0,154.0,2026-08-10
commaai,commaai,https://comma.ai,https://comma.ai/,2026-08-10T07:38:23.209068+00:00,10.0,10.0,1.0,0.0,0.0,0.0,1.0,0.0,0.0,0.0,0.0,0.0,252.0,55.0,2026-08-10
beikeshop,beikeshop,https://www.beikeshop.com,https://beikeshop.com/,2026-08-10T07:38:23.272396+00:00,52.0,52.0,4.0,1.0,1.0,0.0,0.0,0.0,1.0,1.0,0.0,0.0,1409.0,121.0,2026-08-10
classroomio,classroomio,https://classroomio.com,https://classroomio.com/,2026-08-10T07:38:23.292874+00:00,35.0,35.0,4.0,1.0,0.0,0.0,0.0,0.0,0.0,1.0,1.0,1.0,591.0,31.0,2026-08-10
constructorfabric,constructorfabric,https://constructorfabric.org,https://constructorfabric.org/,2026-08-10T07:38:23.295314+00:00,0.0,0.0,0.0,0.0,0.0,0.0,0.0,0.0,0.0,0.0,0.0,0.0,11.0,0.0,2026-08-10
cilium,cilium,https://cilium.io,https://cilium.io/,2026-08-10T07:38:23.377511+00:00,0.0,0.0,0.0,0.0,0.0,0.0,0.0,0.0,0.0,0.0,0.0,0.0,9.0,0.0,2026-08-10
cpinitiative,cpinitiative,https://joincpi.org,https://joincpi.org/,2026-08-10T07:38:23.405985+00:00,11.0,11.0,2.0,0.0,0.0,0.0,0.0,0.0,0.0,1.0,1.0,0.0,1168.0,192.0,2026-08-10
autowarefoundation,autowarefoundation,https://www.autoware.org,https://autoware.org/,2026-08-10T07:38:23.526132+00:00,26.0,26.0,2.0,0.0,1.0,0.0,0.0,0.0,0.0,0.0,1.0,0.0,430.0,59.0,2026-08-10
databayt,databayt,https://www.databayt.org,https://www.databayt.org/en,2026-08-10T07:38:23.584979+00:00,38.0,38.0,2.0,1.0,1.0,0.0,0.0,0.0,0.0,0.0,0.0,0.0,461.0,16.0,2026-08-10
codeforlife-education,codeforlife-education,https://www.codeforlife.education,https://www.codeforlife.education/,2026-08-10T07:38:23.589605+00:00,11.0,11.0,2.0,0.0,0.0,0.0,0.0,0.0,0.0,1.0,1.0,0.0,407.0,51.0,2026-08-10
coollabsio,coollabsio,https://coollabs.io,https://coollabs.io/,2026-08-10T07:38:23.598986+00:00,0.0,0.0,0.0,0.0,0.0,0.0,0.0,0.0,0.0,0.0,0.0,0.0,153.0,23.0,2026-08-10
cryostatio,cryostatio,https://cryostat.io,https://cryostat.io/,2026-08-10T07:38:23.614109+00:00,5.0,5.0,1.0,0.0,0.0,0.0,0.0,0.0,0.0,1.0,0.0,0.0,102.0,13.0,2026-08-10
dagucloud,dagucloud,https://dagu.sh,https://dagu.sh/,2026-08-10T07:38:23.773183+00:00,49.0,49.0,4.0,1.0,1.0,0.0,0.0,0.0,0.0,1.0,1.0,0.0,1809.0,128.0,2026-08-10
ecomplus,ecomplus,https://developers.e-com.plus,https://developers.e-com.plus/,2026-08-10T07:38:23.798177+00:00,34.0,34.0,3.0,0.0,1.0,0.0,0.0,0.0,1.0,1.0,0.0,0.0,220.0,49.0,2026-08-10
debezium,debezium,https://debezium.io,https://debezium.io/,2026-08-10T07:38:23.849441+00:00,0.0,0.0,0.0,0.0,0.0,0.0,0.0,0.0,0.0,0.0,0.0,0.0,548.0,37.0,2026-08-10
cran-task-views,cran-task-views,https://cran.r-project.org/web/views/,https://cran.r-project.org/web/views/,2026-08-10T07:38:23.863197+00:00,0.0,0.0,0.0,0.0,0.0,0.0,0.0,0.0,0.0,0.0,0.0,0.0,398.0,52.0,2026-08-10
cyberbotics,cyberbotics,https://cyberbotics.com,https://cyberbotics.com/,2026-08-10T07:38:23.874184+00:00,18.0,18.0,1.0,1.0,0.0,0.0,0.0,0.0,0.0,0.0,0.0,0.0,1412.0,157.0,2026-08-10
disclose,disclose,https://disclose.io,https://disclose.io/,2026-08-10T07:38:23.881876+00:00,23.0,23.0,3.0,0.0,0.0,0.0,0.0,1.0,0.0,1.0,1.0,0.0,913.0,96.0,2026-08-10
dbt-labs,dbt-labs,https://getdbt.com,https://www.getdbt.com/,2026-08-10T07:38:23.931012+00:00,86.0,86.0,8.0,1.0,1.0,0.0,1.0,1.0,1.0,1.0,1.0,1.0,969.0,73.0,2026-08-10
estuary,estuary,https://estuary.dev,https://estuary.dev/,2026-08-10T07:38:24.072967+00:00,64.0,64.0,6.0,1.0,0.0,1.0,0.0,1.0,1.0,1.0,1.0,0.0,2108.0,222.0,2026-08-10
eftechcombr,eftechcombr,https://www.eftech.com.br,https://www.eftech.com.br/,2026-08-10T07:38:24.088530+00:00,0.0,0.0,0.0,0.0,0.0,0.0,0.0,0.0,0.0,0.0,0.0,0.0,357.0,41.0,2026-08-10
dfinity,dfinity,https://dfinity.org,https://dfinity.org/,2026-08-10T07:38:24.096485+00:00,11.0,11.0,2.0,0.0,0.0,0.0,0.0,0.0,0.0,1.0,1.0,0.0,193.0,25.0,2026-08-10
blumilksoftware,blumilksoftware,http://blumilk.pl,https://blumilk.pl/en,2026-08-10T07:38:24.144295+00:00,20.0,20.0,1.0,0.0,1.0,0.0,0.0,0.0,0.0,0.0,0.0,0.0,575.0,36.0,2026-08-10
evershopcommerce,evershopcommerce,https://evershop.io,https://evershop.io/,2026-08-10T07:38:24.252528+00:00,14.0,14.0,2.0,0.0,0.0,0.0,0.0,0.0,1.0,1.0,0.0,0.0,935.0,32.0,2026-08-10
exactly,exactly,https://exact.ly,https://exact.ly/,2026-08-10T07:38:24.259572+00:00,17.0,17.0,2.0,0.0,0.0,0.0,0.0,1.0,0.0,1.0,0.0,0.0,204.0,19.0,2026-08-10
biblys,biblys,http://biblys.fr,https://biblys.org/,2026-08-10T07:38:24.356940+00:00,5.0,5.0,1.0,0.0,0.0,0.0,0.0,0.0,0.0,1.0,0.0,0.0,457.0,43.0,2026-08-10
fedbiomed,fedbiomed,https://fedbiomed.org,https://fedbiomed.org/,2026-08-10T07:38:24.369904+00:00,5.0,5.0,1.0,0.0,0.0,0.0,0.0,0.0,0.0,1.0,0.0,0.0,654.0,54.0,2026-08-10
ever-co,ever-co,https://ever.co,https://ever.co/,2026-08-10T07:38:24.552132+00:00,48.0,48.0,5.0,1.0,0.0,0.0,1.0,0.0,1.0,1.0,1.0,0.0,1449.0,183.0,2026-08-10
foundation50,foundation50,https://fifty.foundation,https://fifty.foundation/,2026-08-10T07:38:24.556170+00:00,0.0,0.0,0.0,0.0,0.0,0.0,0.0,0.0,0.0,0.0,0.0,0.0,0.0,0.0,2026-08-10
finos,finos,https://landscape.finos.org,https://landscape.finos.org/,2026-08-10T07:38:24.585279+00:00,0.0,0.0,0.0,0.0,0.0,0.0,0.0,0.0,0.0,0.0,0.0,0.0,2.0,0.0,2026-08-10
exyte,exyte,https://exyte.com,https://exyte.com/,2026-08-10T07:38:24.603114+00:00,0.0,0.0,0.0,0.0,0.0,0.0,0.0,0.0,0.0,0.0,0.0,0.0,1309.0,52.0,2026-08-10
elodin-sys,elodin-sys,https://elodin.systems,https://www.elodin.systems/,2026-08-10T07:38:24.726316+00:00,5.0,5.0,1.0,0.0,0.0,0.0,0.0,0.0,0.0,1.0,0.0,0.0,837.0,33.0,2026-08-10
foxglove,foxglove,https://foxglove.dev,https://foxglove.dev/,2026-08-10T07:38:24.794039+00:00,100.0,100.0,9.0,1.0,1.0,1.0,1.0,1.0,1.0,1.0,1.0,1.0,779.0,92.0,2026-08-10
gardener,gardener,https://gardener.cloud,https://gardener.cloud/,2026-08-10T07:38:24.804625+00:00,17.0,17.0,2.0,0.0,0.0,0.0,0.0,1.0,0.0,1.0,0.0,0.0,279.0,31.0,2026-08-10
ere-health,ere-health,https://ere.health,https://ere.health/,2026-08-10T07:38:24.832984+00:00,0.0,0.0,0.0,0.0,0.0,0.0,0.0,0.0,0.0,0.0,0.0,0.0,926.0,12.0,2026-08-10
earthians,earthians,https://earthianslive.com,https://earthianslive.com/,2026-08-10T07:38:24.921087+00:00,16.0,16.0,2.0,0.0,0.0,0.0,1.0,0.0,0.0,0.0,1.0,0.0,496.0,31.0,2026-08-10
gofractally,gofractally,https://fractally.com,https://fractally.com/,2026-08-10T07:38:25.042545+00:00,0.0,0.0,0.0,0.0,0.0,0.0,0.0,0.0,0.0,0.0,0.0,0.0,462.0,43.0,2026-08-10
fineprint-global,fineprint-global,https://fineprint.resource-use.global,https://fineprint.resource-use.global/,2026-08-10T07:38:25.060172+00:00,0.0,0.0,0.0,0.0,0.0,0.0,0.0,0.0,0.0,0.0,0.0,0.0,371.0,31.0,2026-08-10
fleetbase,fleetbase,https://www.fleetbase.io,https://fleetbase.io/,2026-08-10T07:38:25.083831+00:00,70.0,70.0,7.0,1.0,0.0,1.0,0.0,1.0,1.0,1.0,1.0,1.0,2265.0,97.0,2026-08-10
foundry-rs,foundry-rs,https://getfoundry.sh,https://www.getfoundry.sh/,2026-08-10T07:38:25.238339+00:00,0.0,0.0,0.0,0.0,0.0,0.0,0.0,0.0,0.0,0.0,0.0,0.0,100.0,17.0,2026-08-10
growthepie,growthepie,https://www.growthepie.com,https://www.growthepie.com/,2026-08-10T07:38:25.353424+00:00,0.0,0.0,0.0,0.0,0.0,0.0,0.0,0.0,0.0,0.0,0.0,0.0,404.0,6.0,2026-08-10
RoboDojo-Benchmark,robodojo-benchmark,https://robodojo-benchmark.com,https://robodojo-benchmark.com/,2026-08-10T07:38:25.429217+00:00,0.0,0.0,0.0,0.0,0.0,0.0,0.0,0.0,0.0,0.0,0.0,0.0,13.0,0.0,2026-08-10
gear-tech,gear-tech,https://gear-tech.io,https://gear-tech.io/,2026-08-10T07:38:25.475364+00:00,5.0,5.0,1.0,0.0,0.0,0.0,0.0,0.0,0.0,1.0,0.0,0.0,713.0,56.0,2026-08-10
haxtheweb,haxtheweb,https://hax.psu.edu,https://hax.psu.edu/,2026-08-10T07:38:25.568259+00:00,0.0,0.0,0.0,0.0,0.0,0.0,0.0,0.0,0.0,0.0,0.0,0.0,24.0,3.0,2026-08-10
hyperledger-labs,hyperledger-labs,https://lf-decentralized-trust-labs.github.io,https://lf-decentralized-trust-labs.github.io/,2026-08-10T07:38:25.623110+00:00,12.0,12.0,1.0,0.0,0.0,0.0,0.0,1.0,0.0,0.0,0.0,0.0,1044.0,197.0,2026-08-10
hedyorg,hedyorg,https://www.hedy.org,https://www.hedy.org/,2026-08-10T07:38:25.692970+00:00,0.0,0.0,0.0,0.0,0.0,0.0,0.0,0.0,0.0,0.0,0.0,0.0,641.0,17.0,2026-08-10
iblai,iblai,https://ibl.ai,https://ibl.ai/,2026-08-10T07:38:25.767564+00:00,75.0,75.0,6.0,1.0,1.0,1.0,0.0,1.0,0.0,1.0,0.0,1.0,675.0,64.0,2026-08-10
healthchainai,healthchainai,https://dotimplement.ai,https://dotimplement.ai/,2026-08-10T07:38:25.805752+00:00,0.0,0.0,0.0,0.0,0.0,0.0,0.0,0.0,0.0,0.0,0.0,0.0,485.0,20.0,2026-08-10
ihmcrobotics,ihmcrobotics,https://robots.ihmc.us,https://robots.ihmc.us/,2026-08-10T07:38:25.924689+00:00,10.0,10.0,1.0,0.0,0.0,0.0,1.0,0.0,0.0,0.0,0.0,0.0,198.0,60.0,2026-08-10
hpi-studyu,hpi-studyu,https://studyu.health,https://www.studyu.health/,2026-08-10T07:38:25.961041+00:00,5.0,5.0,1.0,0.0,0.0,0.0,0.0,0.0,0.0,1.0,0.0,0.0,943.0,56.0,2026-08-10
iflytek,iflytek,https://opensource.iflytek.com,https://opensource.iflytek.com/,2026-08-10T07:38:25.978974+00:00,12.0,12.0,1.0,0.0,0.0,0.0,0.0,1.0,0.0,0.0,0.0,0.0,323.0,70.0,2026-08-10
immutable,immutable,https://immutable.com,https://www.immutable.com/,2026-08-10T07:38:26.183884+00:00,77.0,77.0,7.0,1.0,1.0,0.0,1.0,1.0,0.0,1.0,1.0,1.0,1962.0,76.0,2026-08-10
innate-inc,innate-inc,https://innate.bot,https://www.innate.bot/,2026-08-10T07:38:26.220685+00:00,15.0,15.0,2.0,0.0,0.0,0.0,1.0,0.0,0.0,1.0,0.0,0.0,677.0,23.0,2026-08-10
gurkenlabs,gurkenlabs,http://www.gurkenlabs.de,https://gurkenlabs.de/,2026-08-10T07:38:26.351575+00:00,0.0,0.0,0.0,0.0,0.0,0.0,0.0,0.0,0.0,0.0,0.0,0.0,809.0,46.0,2026-08-10
jmix-framework,jmix-framework,https://www.jmix.io,https://www.jmix.io/,2026-08-10T07:38:26.516686+00:00,78.0,78.0,7.0,1.0,1.0,1.0,0.0,0.0,1.0,1.0,1.0,1.0,1610.0,207.0,2026-08-10
kairos-io,kairos-io,https://kairos.io,https://kairos.io/,2026-08-10T07:38:26.543002+00:00,31.0,31.0,3.0,0.0,0.0,1.0,0.0,1.0,0.0,1.0,0.0,0.0,882.0,66.0,2026-08-10
kuestcom,kuestcom,https://kuest.com,https://kuest.com/,2026-08-10T07:38:26.621923+00:00,52.0,52.0,5.0,1.0,0.0,1.0,0.0,0.0,1.0,1.0,1.0,0.0,1295.0,56.0,2026-08-10
langchain-ai,langchain-ai,https://www.langchain.com,https://www.langchain.com/,2026-08-10T07:38:26.679258+00:00,80.0,80.0,7.0,1.0,1.0,0.0,1.0,1.0,1.0,1.0,1.0,0.0,844.0,98.0,2026-08-10
langfuse,langfuse,https://langfuse.com,https://langfuse.com/,2026-08-10T07:38:26.816910+00:00,80.0,80.0,8.0,1.0,0.0,1.0,1.0,1.0,1.0,1.0,1.0,1.0,1567.0,234.0,2026-08-10
insightsengineering,insightsengineering,https://code4life.roche.com,https://careers.roche.com/global/en/tech4life,2026-08-10T07:38:26.834711+00:00,22.0,22.0,2.0,0.0,0.0,0.0,1.0,1.0,0.0,0.0,0.0,0.0,677.0,43.0,2026-08-10
flaskbb,flaskbb,https://flaskbb.org,https://uk-freshbet.com/,2026-08-10T07:38:26.984858+00:00,0.0,0.0,0.0,0.0,0.0,0.0,0.0,0.0,0.0,0.0,0.0,0.0,2369.0,55.0,2026-08-10
learning-commons-org,learning-commons-org,https://learningcommons.org,https://learningcommons.org/,2026-08-10T07:38:27.059940+00:00,33.0,33.0,4.0,0.0,0.0,0.0,1.0,1.0,0.0,1.0,1.0,0.0,991.0,70.0,2026-08-10
learningeconomy,learningeconomy,https://www.learningeconomy.io,https://www.learningeconomy.io/,2026-08-10T07:38:27.112808+00:00,24.0,24.0,3.0,0.0,0.0,0.0,1.0,0.0,1.0,1.0,0.0,0.0,4781.0,1143.0,2026-08-10
gochain,gochain,https://gochain.io,https://gochain.io/,2026-08-10T07:38:27.117287+00:00,5.0,5.0,1.0,0.0,0.0,0.0,0.0,0.0,0.0,1.0,0.0,0.0,453.0,35.0,2026-08-10
jlawyerorg,jlawyerorg,http://www.j-lawyer.org,https://www.j-lawyer.org/,2026-08-10T07:38:27.139697+00:00,0.0,0.0,0.0,0.0,0.0,0.0,0.0,0.0,0.0,0.0,0.0,0.0,437.0,160.0,2026-08-10
learnhouse,learnhouse,https://learnhouse.app,https://www.learnhouse.app/,2026-08-10T07:38:27.160778+00:00,84.0,84.0,7.0,1.0,1.0,1.0,0.0,1.0,1.0,1.0,1.0,0.0,1222.0,98.0,2026-08-10
horilla,horilla,https://horilla.com,https://www.horilla.com/,2026-08-10T07:38:27.210860+00:00,90.0,90.0,8.0,1.0,1.0,1.0,0.0,1.0,1.0,1.0,1.0,1.0,3361.0,78.0,2026-08-10
lifinance,lifinance,https://li.fi,https://li.fi/,2026-08-10T07:38:27.340257+00:00,47.0,47.0,5.0,0.0,1.0,0.0,1.0,0.0,0.0,1.0,1.0,1.0,1300.0,148.0,2026-08-10
goodrain,goodrain,https://www.rainbond.com,https://www.rainbond.com/,2026-08-10T07:38:27.367599+00:00,19.0,19.0,2.0,0.0,0.0,1.0,0.0,0.0,0.0,1.0,0.0,0.0,170.0,30.0,2026-08-10
margelo,margelo,https://margelo.com,https://margelo.com/,2026-08-10T07:38:27.381554+00:00,29.0,29.0,2.0,0.0,1.0,0.0,0.0,0.0,1.0,0.0,0.0,0.0,1015.0,39.0,2026-08-10
medplum,medplum,https://www.medplum.com,https://www.medplum.com/,2026-08-10T07:38:27.578375+00:00,94.0,94.0,8.0,1.0,1.0,1.0,1.0,1.0,1.0,1.0,0.0,1.0,1010.0,39.0,2026-08-10
livekit,livekit,https://livekit.io,https://livekit.com/,2026-08-10T07:38:27.598456+00:00,80.0,80.0,7.0,1.0,1.0,0.0,1.0,1.0,1.0,1.0,0.0,1.0,1753.0,124.0,2026-08-10
lomiafrica,lomiafrica,https://lomi.africa,https://lomi.africa/,2026-08-10T07:38:27.740766+00:00,48.0,48.0,5.0,1.0,0.0,0.0,1.0,0.0,1.0,1.0,1.0,0.0,2820.0,104.0,2026-08-10
medusajs,medusajs,https://medusajs.com,https://medusajs.com/,2026-08-10T07:38:27.780494+00:00,58.0,58.0,6.0,1.0,0.0,1.0,0.0,0.0,1.0,1.0,1.0,1.0,536.0,56.0,2026-08-10
metorial,metorial,https://metorial.com,https://metorial.com/,2026-08-10T07:38:27.792980+00:00,94.0,94.0,8.0,1.0,1.0,1.0,1.0,1.0,1.0,1.0,0.0,1.0,1656.0,88.0,2026-08-10
logicaldoc,logicaldoc,https://www.logicaldoc.com,https://www.logicaldoc.com/,2026-08-10T07:38:27.801290+00:00,17.0,17.0,3.0,0.0,0.0,0.0,0.0,0.0,0.0,1.0,1.0,1.0,752.0,128.0,2026-08-10
microblink,microblink,https://microblink.com,https://microblink.com/,2026-08-10T07:38:27.869987+00:00,62.0,62.0,6.0,0.0,1.0,0.0,1.0,1.0,1.0,1.0,0.0,1.0,1803.0,205.0,2026-08-10
mx-space,mx-space,https://mx-space.js.org,https://mx-space.js.org/,2026-08-10T07:38:27.967814+00:00,5.0,5.0,1.0,0.0,0.0,0.0,0.0,0.0,0.0,1.0,0.0,0.0,112.0,73.0,2026-08-10
mercurjs,mercurjs,https://www.mercurjs.com,https://www.mercurjs.com/,2026-08-10T07:38:27.995889+00:00,34.0,34.0,4.0,0.0,0.0,1.0,0.0,0.0,1.0,1.0,0.0,1.0,974.0,75.0,2026-08-10
mloda-ai,mloda-ai,https://mloda.ai,https://mloda.ai/,2026-08-10T07:38:28.001918+00:00,14.0,14.0,1.0,0.0,0.0,1.0,0.0,0.0,0.0,0.0,0.0,0.0,277.0,14.0,2026-08-10
mugnavo,mugnavo,https://mugnavo.com,https://mugnavo.com/,2026-08-10T07:38:28.076722+00:00,0.0,0.0,0.0,0.0,0.0,0.0,0.0,0.0,0.0,0.0,0.0,0.0,258.0,10.0,2026-08-10
namiml,namiml,https://www.nami.ml,https://www.nami.ml/,2026-08-10T07:38:28.169495+00:00,95.0,95.0,8.0,1.0,1.0,1.0,1.0,1.0,1.0,0.0,1.0,1.0,1303.0,89.0,2026-08-10
juspay,juspay,https://www.juspay.in,https://juspay.io/us,2026-08-10T07:38:28.220275+00:00,76.0,76.0,7.0,0.0,1.0,1.0,1.0,1.0,1.0,1.0,1.0,0.0,1903.0,102.0,2026-08-10
moov-io,moov-io,https://moov.io,https://moov.io/,2026-08-10T07:38:28.231566+00:00,86.0,86.0,8.0,1.0,1.0,0.0,1.0,1.0,1.0,1.0,1.0,1.0,1040.0,110.0,2026-08-10
neuml,neuml,https://neuml.com,https://neuml.com/,2026-08-10T07:38:28.247222+00:00,0.0,0.0,0.0,0.0,0.0,0.0,0.0,0.0,0.0,0.0,0.0,0.0,554.0,19.0,2026-08-10
intershop,intershop,https://intershop.com,https://www.intershop.com/en/,2026-08-10T07:38:28.302281+00:00,57.0,57.0,5.0,0.0,1.0,0.0,1.0,1.0,1.0,0.0,0.0,1.0,875.0,177.0,2026-08-10
nats-io,nats-io,https://nats.io,https://nats.io/,2026-08-10T07:38:28.338291+00:00,5.0,5.0,1.0,0.0,0.0,0.0,0.0,0.0,0.0,1.0,0.0,0.0,731.0,149.0,2026-08-10
oaknational,oaknational,https://www.thenational.academy,https://www.thenational.academy/,2026-08-10T07:38:28.487280+00:00,16.0,16.0,2.0,0.0,0.0,0.0,1.0,0.0,0.0,0.0,1.0,0.0,1896.0,373.0,2026-08-10
ohcnetwork,ohcnetwork,https://ohc.network,https://ohc.network/,2026-08-10T07:38:28.578508+00:00,36.0,36.0,4.0,0.0,0.0,0.0,1.0,1.0,1.0,1.0,0.0,0.0,1366.0,63.0,2026-08-10
naev,naev,https://codeberg.org/naev,https://codeberg.org/naev,2026-08-10T07:38:28.629972+00:00,5.0,5.0,1.0,0.0,0.0,0.0,0.0,0.0,0.0,1.0,0.0,0.0,544.0,127.0,2026-08-10
odpi,odpi,https://lfaidata.foundation,https://lfaidata.foundation/,2026-08-10T07:38:28.657396+00:00,0.0,0.0,0.0,0.0,0.0,0.0,0.0,0.0,0.0,0.0,0.0,0.0,1003.0,111.0,2026-08-10
onflow,onflow,https://flow.com,https://flow.com/,2026-08-10T07:38:28.754636+00:00,41.0,41.0,4.0,0.0,1.0,0.0,1.0,0.0,0.0,1.0,1.0,0.0,1121.0,95.0,2026-08-10
open-telemetry,open-telemetry,https://opentelemetry.io,https://opentelemetry.io/,2026-08-10T07:38:28.928125+00:00,34.0,34.0,3.0,0.0,1.0,0.0,0.0,0.0,1.0,1.0,0.0,0.0,434.0,67.0,2026-08-10
o3de,o3de,https://o3de.org,https://o3de.org/,2026-08-10T07:38:29.038118+00:00,5.0,5.0,1.0,0.0,0.0,0.0,0.0,0.0,0.0,1.0,0.0,0.0,943.0,127.0,2026-08-10
nextcloud,nextcloud,https://nextcloud.com,https://nextcloud.com/,2026-08-10T07:38:29.095916+00:00,94.0,94.0,8.0,1.0,1.0,1.0,1.0,1.0,1.0,1.0,1.0,0.0,1753.0,169.0,2026-08-10
nmi-agro,nmi-agro,https://www.nmi-agro.nl,https://www.nmi-agro.nl/,2026-08-10T07:38:29.197306+00:00,0.0,0.0,0.0,0.0,0.0,0.0,0.0,0.0,0.0,0.0,0.0,0.0,465.0,83.0,2026-08-10
opensearch-project,opensearch-project,https://opensearch.org,https://opensearch.org/,2026-08-10T07:38:29.238412+00:00,51.0,51.0,4.0,0.0,1.0,1.0,0.0,1.0,0.0,1.0,0.0,0.0,1061.0,197.0,2026-08-10
ohs-foundation,ohs-foundation,https://ohs.foundation,https://ohs.foundation/,2026-08-10T07:38:29.334356+00:00,0.0,0.0,0.0,0.0,0.0,0.0,0.0,0.0,0.0,0.0,0.0,0.0,590.0,36.0,2026-08-10
opensensorhub,opensensorhub,http://www.opensensorhub.org,https://opensensorhub.org/,2026-08-10T07:38:29.494911+00:00,21.0,21.0,3.0,0.0,0.0,0.0,1.0,0.0,0.0,1.0,1.0,0.0,568.0,60.0,2026-08-10
openlinker-project,openlinker-project,https://openlinker.io,https://openlinker.io/en/,2026-08-10T07:38:29.613757+00:00,64.0,64.0,6.0,1.0,0.0,1.0,0.0,1.0,1.0,1.0,1.0,0.0,1025.0,75.0,2026-08-10
paradigmxyz,paradigmxyz,https://paradigm.xyz,https://www.paradigm.xyz/,2026-08-10T07:38:29.667859+00:00,10.0,10.0,1.0,0.0,0.0,0.0,1.0,0.0,0.0,0.0,0.0,0.0,64.0,21.0,2026-08-10
phase-rs,phase-rs,https://preview.phase-rs.dev,https://preview.phase-rs.dev/,2026-08-10T07:38:29.815103+00:00,0.0,0.0,0.0,0.0,0.0,0.0,0.0,0.0,0.0,0.0,0.0,0.0,1.0,0.0,2026-08-10
minthcm,minthcm,https://minthcm.org,https://minthcm.org/,2026-08-10T07:38:29.851811+00:00,0.0,0.0,0.0,0.0,0.0,0.0,0.0,0.0,0.0,0.0,0.0,0.0,1422.0,150.0,2026-08-10
osunyorg,osunyorg,https://www.osuny.org,https://www.osuny.org/,2026-08-10T07:38:29.874001+00:00,5.0,5.0,1.0,0.0,0.0,0.0,0.0,0.0,0.0,1.0,0.0,0.0,589.0,103.0,2026-08-10
polarsource,polarsource,https://polar.sh,https://polar.sh/,2026-08-10T07:38:30.087402+00:00,55.0,55.0,5.0,1.0,1.0,0.0,0.0,0.0,0.0,1.0,1.0,1.0,834.0,63.0,2026-08-10
pactflow,pactflow,https://pactflow.io,https://pactflow.io/,2026-08-10T07:38:30.194116+00:00,77.0,77.0,7.0,1.0,1.0,0.0,1.0,1.0,0.0,1.0,1.0,1.0,717.0,71.0,2026-08-10
pneumaticapp,pneumaticapp,https://www.pneumatic.app,https://www.pneumatic.app/,2026-08-10T07:38:30.229843+00:00,65.0,65.0,5.0,1.0,1.0,0.0,0.0,1.0,1.0,0.0,1.0,0.0,1189.0,68.0,2026-08-10
opensource-socialnetwork,opensource-socialnetwork,https://www.opensource-socialnetwork.org,https://www.opensource-socialnetwork.org/,2026-08-10T07:38:30.337273+00:00,9.0,9.0,1.0,0.0,0.0,0.0,0.0,0.0,1.0,0.0,0.0,0.0,502.0,51.0,2026-08-10
otter-sec,otter-sec,https://osec.io,https://osec.io/,2026-08-10T07:38:30.418536+00:00,39.0,39.0,3.0,0.0,1.0,0.0,1.0,0.0,1.0,0.0,0.0,0.0,932.0,117.0,2026-08-10
reductstore,reductstore,https://www.reduct.store,https://www.reduct.store/,2026-08-10T07:38:30.537409+00:00,52.0,52.0,4.0,1.0,1.0,0.0,0.0,0.0,1.0,1.0,0.0,0.0,1683.0,93.0,2026-08-10
redpanda-data,redpanda-data,https://redpanda.com,https://www.redpanda.com/,2026-08-10T07:38:30.674461+00:00,47.0,47.0,4.0,0.0,1.0,0.0,1.0,1.0,0.0,1.0,0.0,0.0,863.0,94.0,2026-08-10
pluginsGLPI,pluginsglpi,http://plugins.glpi-project.org,https://plugins.glpi-project.org/,2026-08-10T07:38:30.703266+00:00,0.0,0.0,0.0,0.0,0.0,0.0,0.0,0.0,0.0,0.0,0.0,0.0,22.0,2.0,2026-08-10
rapidez,rapidez,https://rapidez.io,https://rapidez.io/,2026-08-10T07:38:30.833090+00:00,5.0,5.0,1.0,0.0,0.0,0.0,0.0,0.0,0.0,1.0,0.0,0.0,671.0,67.0,2026-08-10
phoenixctms,phoenixctms,https://www.phoenixctms.org,https://www.phoenixctms.org/,2026-08-10T07:38:31.058397+00:00,6.0,6.0,1.0,0.0,0.0,0.0,0.0,0.0,0.0,0.0,1.0,0.0,334.0,41.0,2026-08-10
rocketride-org,rocketride-org,https://rocketride.org,https://rocketride.org/,2026-08-10T07:38:31.084295+00:00,14.0,14.0,2.0,0.0,0.0,0.0,0.0,0.0,1.0,1.0,0.0,0.0,1734.0,46.0,2026-08-10
pyck-ai,pyck-ai,https://pyck.ai,https://pyck.ai/,2026-08-10T07:38:31.116346+00:00,0.0,0.0,0.0,0.0,0.0,0.0,0.0,0.0,0.0,0.0,0.0,0.0,961.0,68.0,2026-08-10
rerun-io,rerun-io,https://www.rerun.io,https://rerun.io/,2026-08-10T07:38:31.155446+00:00,33.0,33.0,3.0,1.0,0.0,0.0,1.0,0.0,0.0,1.0,0.0,0.0,1668.0,93.0,2026-08-10
pysnippet,pysnippet,https://pysnippet.org,https://pysnippet.org/,2026-08-10T07:38:31.175158+00:00,0.0,0.0,0.0,0.0,0.0,0.0,0.0,0.0,0.0,0.0,0.0,0.0,192.0,19.0,2026-08-10
rocky-data,rocky-data,https://rocky-data.dev,https://rocky-data.dev/,2026-08-10T07:38:31.245490+00:00,5.0,5.0,1.0,0.0,0.0,0.0,0.0,0.0,0.0,1.0,0.0,0.0,780.0,15.0,2026-08-10
ros-navigation,ros-navigation,https://nav2.org,https://nav2.org/,2026-08-10T07:38:31.292887+00:00,14.0,14.0,2.0,0.0,0.0,0.0,0.0,0.0,1.0,1.0,0.0,0.0,522.0,50.0,2026-08-10
rspace-os,rspace-os,https://www.researchspace.com,https://www.researchspace.com/,2026-08-10T07:38:31.392572+00:00,80.0,80.0,7.0,1.0,1.0,0.0,1.0,1.0,1.0,1.0,1.0,0.0,437.0,66.0,2026-08-10
rpgppengine,rpgppengine,https://rpgpp.dev,https://rpgpp.dev/,2026-08-10T07:38:31.449189+00:00,5.0,5.0,1.0,0.0,0.0,0.0,0.0,0.0,0.0,1.0,0.0,0.0,503.0,227.0,2026-08-10
relaticle,relaticle,https://relaticle.com,https://relaticle.com/,2026-08-10T07:38:31.502545+00:00,32.0,32.0,3.0,1.0,0.0,0.0,0.0,0.0,1.0,1.0,0.0,0.0,1213.0,35.0,2026-08-10
rudderlabs,rudderlabs,https://www.rudderstack.com,https://www.rudderstack.com/,2026-08-10T07:38:31.531226+00:00,86.0,86.0,8.0,1.0,1.0,0.0,1.0,1.0,1.0,1.0,1.0,1.0,1303.0,55.0,2026-08-10
sapic,sapic,https://steam.design,https://steam.design/,2026-08-10T07:38:31.760779+00:00,0.0,0.0,0.0,0.0,0.0,0.0,0.0,0.0,0.0,0.0,0.0,0.0,1.0,0.0,2026-08-10
phamos-eu,phamos-eu,https://phamos.eu,https://phamos.eu/home,2026-08-10T07:38:31.875923+00:00,28.0,28.0,2.0,1.0,0.0,0.0,1.0,0.0,0.0,0.0,0.0,0.0,335.0,48.0,2026-08-10
relizaio,relizaio,http://reliza.io,https://reliza.io/,2026-08-10T07:38:31.986800+00:00,6.0,6.0,1.0,0.0,0.0,0.0,0.0,0.0,0.0,0.0,0.0,1.0,306.0,35.0,2026-08-10
saas-js,saas-js,https://www.saas-ui.dev,https://saas-ui.dev/,2026-08-10T07:38:32.272646+00:00,32.0,32.0,3.0,1.0,0.0,0.0,0.0,0.0,1.0,1.0,0.0,0.0,988.0,28.0,2026-08-10
sablier-labs,sablier-labs,https://sablier.com,https://sablier.com/,2026-08-10T07:38:32.446690+00:00,23.0,23.0,2.0,1.0,0.0,0.0,0.0,0.0,0.0,1.0,0.0,0.0,664.0,91.0,2026-08-10
securitybunker,securitybunker,https://databunker.org,https://databunker.org/,2026-08-10T07:38:32.457170+00:00,47.0,47.0,5.0,1.0,0.0,0.0,0.0,1.0,0.0,1.0,1.0,1.0,2248.0,53.0,2026-08-10
simpledotorg,simpledotorg,https://simple.org,https://www.simple.org/,2026-08-10T07:38:32.478563+00:00,5.0,5.0,1.0,0.0,0.0,0.0,0.0,0.0,0.0,1.0,0.0,0.0,452.0,25.0,2026-08-10
saleor,saleor,https://saleor.io,https://saleor.io/,2026-08-10T07:38:32.533849+00:00,80.0,80.0,7.0,1.0,1.0,0.0,1.0,1.0,1.0,1.0,1.0,0.0,1440.0,83.0,2026-08-10
scribe-org,scribe-org,https://scri.be,https://scri.be/,2026-08-10T07:38:32.543239+00:00,0.0,0.0,0.0,0.0,0.0,0.0,0.0,0.0,0.0,0.0,0.0,0.0,1.0,0.0,2026-08-10
skybrush-io,skybrush-io,https://skybrush.io,https://skybrush.io/,2026-08-10T07:38:32.555555+00:00,5.0,5.0,1.0,0.0,0.0,0.0,0.0,0.0,0.0,1.0,0.0,0.0,401.0,83.0,2026-08-10
solana-foundation,solana-foundation,https://solana.org,https://solana.org/,2026-08-10T07:38:32.596377+00:00,15.0,15.0,2.0,0.0,0.0,0.0,1.0,0.0,0.0,1.0,0.0,0.0,213.0,14.0,2026-08-10
rt-net,rt-net,https://rt-net.jp,https://rt-net.jp/,2026-08-10T07:38:32.782029+00:00,0.0,0.0,0.0,0.0,0.0,0.0,0.0,0.0,0.0,0.0,0.0,0.0,212.0,98.0,2026-08-10
spectrocloud,spectrocloud,https://www.spectrocloud.com,https://www.spectrocloud.com/,2026-08-10T07:38:32.820279+00:00,68.0,68.0,7.0,0.0,1.0,0.0,1.0,1.0,1.0,1.0,1.0,1.0,2280.0,138.0,2026-08-10
starwards,starwards,https://blog.starwards.space,https://blog.starwards.space/,2026-08-10T07:38:32.825137+00:00,0.0,0.0,0.0,0.0,0.0,0.0,0.0,0.0,0.0,0.0,0.0,0.0,316.0,36.0,2026-08-10
solidusio,solidusio,https://solidus.io,https://solidus.io/,2026-08-10T07:38:32.847500+00:00,35.0,35.0,3.0,0.0,0.0,1.0,0.0,1.0,1.0,0.0,0.0,0.0,445.0,49.0,2026-08-10
stella,stella,https://stll.app,https://stll.app/,2026-08-10T07:38:32.986237+00:00,23.0,23.0,3.0,0.0,0.0,0.0,0.0,1.0,0.0,1.0,1.0,0.0,1032.0,128.0,2026-08-10
status-im,status-im,https://status.app,https://status.app/,2026-08-10T07:38:33.046506+00:00,22.0,22.0,2.0,0.0,0.0,0.0,1.0,1.0,0.0,0.0,0.0,0.0,745.0,142.0,2026-08-10
subsquid,subsquid,https://sqd.dev,https://sqd.dev/,2026-08-10T07:38:33.069275+00:00,63.0,63.0,5.0,1.0,1.0,1.0,0.0,0.0,0.0,1.0,0.0,1.0,2080.0,182.0,2026-08-10
superlinked,superlinked,https://superlinked.com,https://superlinked.com/,2026-08-10T07:38:33.078994+00:00,36.0,36.0,4.0,0.0,0.0,0.0,1.0,1.0,1.0,1.0,0.0,0.0,1184.0,76.0,2026-08-10
sonic-pi-net,sonic-pi-net,https://sonic-pi.net,https://sonic-pi.net/,2026-08-10T07:38:33.093262+00:00,0.0,0.0,0.0,0.0,0.0,0.0,0.0,0.0,0.0,0.0,0.0,0.0,2432.0,87.0,2026-08-10
speedyapply,speedyapply,https://speedyapply.com,https://www.speedyapply.com/,2026-08-10T07:38:33.127720+00:00,21.0,21.0,3.0,0.0,0.0,0.0,1.0,0.0,0.0,1.0,1.0,0.0,1257.0,35.0,2026-08-10
tempoxyz,tempoxyz,https://tempo.xyz,https://tempo.xyz/,2026-08-10T07:38:33.209625+00:00,49.0,49.0,4.0,0.0,1.0,1.0,1.0,0.0,0.0,1.0,0.0,0.0,456.0,63.0,2026-08-10
the-momentum,the-momentum,https://www.themomentum.ai,https://www.themomentum.ai/,2026-08-10T07:38:33.356339+00:00,57.0,57.0,5.0,0.0,1.0,0.0,1.0,1.0,1.0,0.0,1.0,0.0,2817.0,225.0,2026-08-10
sunlabuiuc,sunlabuiuc,http://sunlab.org,https://www.sunlab.org/,2026-08-10T07:38:33.449558+00:00,0.0,0.0,0.0,0.0,0.0,0.0,0.0,0.0,0.0,0.0,0.0,0.0,470.0,19.0,2026-08-10
swellstores,swellstores,https://swell.is,https://www.swell.is/,2026-08-10T07:38:33.550448+00:00,58.0,58.0,5.0,1.0,1.0,0.0,0.0,0.0,1.0,1.0,1.0,0.0,1019.0,88.0,2026-08-10
third-culture-software,third-culture-software,https://blog.thirdculturesoftware.com,https://blog.thirdculturesoftware.com/,2026-08-10T07:38:33.600808+00:00,6.0,6.0,1.0,0.0,0.0,0.0,0.0,0.0,0.0,0.0,1.0,0.0,645.0,17.0,2026-08-10
thunder-engine,thunder-engine,https://thunderengine.org,https://thunderengine.org/,2026-08-10T07:38:33.617902+00:00,5.0,5.0,1.0,0.0,0.0,0.0,0.0,0.0,0.0,1.0,0.0,0.0,497.0,19.0,2026-08-10
towardsai,towardsai,https://towardsai.net,https://towardsai.com/,2026-08-10T07:38:33.804973+00:00,44.0,44.0,3.0,0.0,1.0,1.0,1.0,0.0,0.0,0.0,0.0,0.0,1355.0,77.0,2026-08-10
temporalio,temporalio,https://temporal.io,https://temporal.io/,2026-08-10T07:38:33.862560+00:00,77.0,77.0,7.0,1.0,1.0,0.0,1.0,1.0,0.0,1.0,1.0,1.0,956.0,84.0,2026-08-10
trustwallet,trustwallet,https://trustwallet.com,https://trustwallet.com/,2026-08-10T07:38:34.018646+00:00,47.0,47.0,4.0,0.0,1.0,0.0,1.0,1.0,0.0,1.0,0.0,0.0,1254.0,130.0,2026-08-10
tutors-sdk,tutors-sdk,https://tutors.dev,https://tutors.dev/,2026-08-10T07:38:34.108107+00:00,0.0,0.0,0.0,0.0,0.0,0.0,0.0,0.0,0.0,0.0,0.0,0.0,0.0,0.0,2026-08-10
thirtybees,thirtybees,https://thirtybees.com,https://thirtybees.com/,2026-08-10T07:38:34.174056+00:00,20.0,20.0,3.0,0.0,0.0,0.0,0.0,0.0,1.0,1.0,1.0,0.0,625.0,93.0,2026-08-10
tuva-health,tuva-health,http://thetuvaproject.com,https://thetuvaproject.com/,2026-08-10T07:38:34.180872+00:00,5.0,5.0,1.0,0.0,0.0,0.0,0.0,0.0,0.0,1.0,0.0,0.0,260.0,41.0,2026-08-10
trovu,trovu,https://trovu.net,https://trovu.net/,2026-08-10T07:38:34.249666+00:00,5.0,5.0,1.0,0.0,0.0,0.0,0.0,0.0,0.0,1.0,0.0,0.0,324.0,53.0,2026-08-10
unacms,unacms,https://unacms.com,https://unacms.com/,2026-08-10T07:38:34.256151+00:00,44.0,44.0,5.0,1.0,0.0,0.0,0.0,0.0,1.0,1.0,1.0,1.0,608.0,12.0,2026-08-10
spedas,spedas,https://www.spedas.org,https://spedas.org/blog/,2026-08-10T07:38:34.497448+00:00,0.0,0.0,0.0,0.0,0.0,0.0,0.0,0.0,0.0,0.0,0.0,0.0,215.0,31.0,2026-08-10
wasp-lang,wasp-lang,https://wasp.sh,https://wasp.sh/,2026-08-10T07:38:34.664403+00:00,39.0,39.0,4.0,1.0,0.0,0.0,1.0,0.0,0.0,1.0,1.0,0.0,3963.0,62.0,2026-08-10
ut-issl,ut-issl,https://www.space.t.u-tokyo.ac.jp,https://www.space.t.u-tokyo.ac.jp/,2026-08-10T07:38:34.666521+00:00,0.0,0.0,0.0,0.0,0.0,0.0,0.0,0.0,0.0,0.0,0.0,0.0,139.0,22.0,2026-08-10
vanilophp,vanilophp,https://vanilo.io,https://vanilo.io/,2026-08-10T07:38:34.710722+00:00,25.0,25.0,2.0,0.0,1.0,0.0,0.0,0.0,0.0,1.0,0.0,0.0,294.0,31.0,2026-08-10
vendurehq,vendurehq,https://vendure.io,https://vendure.io/,2026-08-10T07:38:34.825100+00:00,62.0,62.0,5.0,1.0,1.0,0.0,1.0,0.0,1.0,1.0,0.0,0.0,1340.0,93.0,2026-08-10
usertour,usertour,https://usertour.io,https://www.usertour.io/,2026-08-10T07:38:34.969255+00:00,29.0,29.0,3.0,1.0,0.0,0.0,0.0,0.0,0.0,1.0,1.0,0.0,643.0,37.0,2026-08-10
wp-erp,wp-erp,https://wperp.com,https://wperp.com/,2026-08-10T07:38:34.995035+00:00,39.0,39.0,4.0,1.0,0.0,0.0,0.0,0.0,1.0,0.0,1.0,1.0,1578.0,77.0,2026-08-10
wevm,wevm,https://wevm.dev,https://wevm.dev/,2026-08-10T07:38:35.254664+00:00,0.0,0.0,0.0,0.0,0.0,0.0,0.0,0.0,0.0,0.0,0.0,0.0,138.0,50.0,2026-08-10
maize-tech,maize-tech,https://maize.io,https://www.maize.io:443/,2026-08-10T07:38:35.336178+00:00,29.0,29.0,2.0,0.0,1.0,0.0,0.0,0.0,1.0,0.0,0.0,0.0,891.0,118.0,2026-08-10
zenstackhq,zenstackhq,https://zenstack.dev,https://zenstack.dev/,2026-08-10T07:38:35.402179+00:00,14.0,14.0,2.0,0.0,0.0,0.0,0.0,0.0,1.0,1.0,0.0,0.0,794.0,31.0,2026-08-10
tradingstrategy-ai,tradingstrategy-ai,https://tradingstrategy.ai,https://tradingstrategy.ai/,2026-08-10T07:38:35.449716+00:00,18.0,18.0,1.0,1.0,0.0,0.0,0.0,0.0,0.0,0.0,0.0,0.0,1233.0,74.0,2026-08-10
vuestorefront,vuestorefront,https://www.alokai.com,https://alokai.com/,2026-08-10T07:38:35.861494+00:00,88.0,88.0,8.0,1.0,1.0,1.0,1.0,0.0,1.0,1.0,1.0,1.0,1226.0,99.0,2026-08-10
zapplyjobs,zapplyjobs,https://zapply.jobs,https://zapply.jobs/,2026-08-10T07:38:36.091875+00:00,16.0,16.0,2.0,0.0,0.0,0.0,1.0,0.0,0.0,0.0,1.0,0.0,372.0,41.0,2026-08-10
orbiternassp,orbiternassp,https://nassp.space,https://nassp.space/index.php/Main_Page,2026-08-10T07:38:40.700507+00:00,0.0,0.0,0.0,0.0,0.0,0.0,0.0,0.0,0.0,0.0,0.0,0.0,352.0,50.0,2026-08-10
