name,startup_key,website_url,resolved_url,commercial_fetched_at,http_status,pricing_signal,customer_evidence_signal,enterprise_signal,careers_signal,security_signal,integrations_signal,developer_docs_signal,self_serve_signal,sales_motion_signal,commercial_signal_count,commercial_momentum_score,page_word_count,page_link_count,commercial_maturity_score,previous_commercial_maturity_score,previous_commercial_fetched_at,commercial_maturity_change
ChainSafe,chainsafe,https://chainsafe.io,https://chainsafe.io/,2026-10-05T13:39:42.898013+00:00,200,0.0,0.0,0.0,0.0,0.0,1.0,0.0,0.0,0.0,1.0,9.0,776.0,44.0,9.0,9.0,2026-09-28T12:57:32.697462+00:00,0.0
BuilderIO,builderio,https://builder.io,https://www.builder.io/,2026-10-05T13:39:43.039035+00:00,200,1.0,1.0,1.0,1.0,1.0,1.0,1.0,1.0,1.0,9.0,100.0,1162.0,72.0,100.0,100.0,2026-09-28T12:57:32.781736+00:00,0.0
ClickHouse,clickhouse,https://clickhouse.com,https://clickhouse.com/,2026-10-05T13:39:43.073042+00:00,200,1.0,1.0,0.0,1.0,1.0,1.0,1.0,1.0,1.0,8.0,86.0,1289.0,218.0,86.0,86.0,2026-09-28T12:57:33.316800+00:00,0.0
BLB3DPrinting,blb3dprinting,https://blb3dprinting.com,https://blb3dprinting.com/,2026-10-05T13:39:43.126647+00:00,200,0.0,0.0,0.0,0.0,0.0,0.0,0.0,0.0,0.0,0.0,0.0,419.0,31.0,0.0,0.0,2026-09-28T12:57:33.182742+00:00,0.0
AbsaOSS,absaoss,https://www.absa.co.za,https://www.absa.co.za/personal/,2026-10-05T13:39:43.143052+00:00,200,0.0,0.0,0.0,1.0,0.0,0.0,0.0,0.0,0.0,1.0,10.0,716.0,71.0,10.0,10.0,2026-09-28T12:57:33.802920+00:00,0.0
CelestiaProject,celestiaproject,https://celestiaproject.space,https://celestiaproject.space/,2026-10-05T13:39:43.148475+00:00,200,0.0,0.0,0.0,0.0,0.0,0.0,0.0,0.0,0.0,0.0,0.0,527.0,29.0,0.0,0.0,2026-09-28T12:57:32.992307+00:00,0.0
Adyen,adyen,https://adyen.com,https://www.adyen.com/,2026-10-05T13:39:43.177252+00:00,200,1.0,0.0,1.0,1.0,0.0,1.0,1.0,0.0,0.0,5.0,56.0,551.0,47.0,56.0,56.0,2026-09-28T12:57:33.116346+00:00,0.0
DaedalusDock,daedalusdock,https://daedalus13.net,https://daedalus13.net/,2026-10-05T13:39:43.280138+00:00,200,0.0,0.0,0.0,0.0,0.0,0.0,0.0,0.0,0.0,0.0,0.0,22.0,0.0,0.0,0.0,2026-09-28T12:57:33.326549+00:00,0.0
AdguardTeam,adguardteam,https://adguard.com,https://adguard.com/en/welcome.html,2026-10-05T13:39:43.376054+00:00,200,0.0,0.0,1.0,0.0,0.0,0.0,0.0,1.0,0.0,2.0,20.0,5429.0,320.0,20.0,20.0,2026-09-28T12:57:33.066988+00:00,0.0
DataSQRL,datasqrl,http://www.datasqrl.com,https://www.datasqrl.com/,2026-10-05T13:39:43.401832+00:00,200,0.0,1.0,0.0,0.0,0.0,0.0,1.0,0.0,0.0,2.0,25.0,834.0,11.0,25.0,34.0,2026-09-28T12:57:33.532393+00:00,-9.0
CosmWasm,cosmwasm,https://cosmwasm.com,https://cosmwasm.com/,2026-10-05T13:39:43.438287+00:00,200,0.0,0.0,0.0,0.0,0.0,0.0,0.0,0.0,0.0,0.0,0.0,597.0,19.0,0.0,0.0,2026-09-28T12:57:33.416808+00:00,0.0
DSACMS,dsacms,https://cms.gov/digital-service/open-source-program-office,https://www.cms.gov/digital-service/open-source-program-office,2026-10-05T13:39:43.533616+00:00,200,1.0,1.0,0.0,1.0,0.0,1.0,0.0,1.0,0.0,5.0,63.0,2124.0,354.0,63.0,63.0,2026-09-28T12:57:33.832473+00:00,0.0
Consensys,consensys,https://www.consensys.io,https://consensys.io/,2026-10-05T13:39:43.558268+00:00,200,0.0,0.0,0.0,1.0,1.0,0.0,1.0,0.0,0.0,3.0,27.0,649.0,46.0,27.0,27.0,2026-09-28T12:57:33.554333+00:00,0.0
Epic-Breakfast-Productions,epic-breakfast-productions,http://epic-breakfast-productions.tech,https://epic-breakfast-productions.tech/,2026-10-05T13:39:43.584509+00:00,200,0.0,0.0,0.0,0.0,0.0,0.0,0.0,0.0,0.0,0.0,0.0,144.0,6.0,0.0,0.0,2026-09-28T12:57:33.580346+00:00,0.0
BIRU-Scop,biru-scop,https://biru.sh,https://biru.sh/en/,2026-10-05T13:39:43.607331+00:00,200,0.0,0.0,0.0,0.0,0.0,0.0,0.0,0.0,0.0,0.0,0.0,519.0,32.0,0.0,0.0,2026-09-28T12:57:33.434868+00:00,0.0
Far-Beyond-Pulsar,far-beyond-pulsar,https://pulsarnative.com,https://pulsarnative.com/,2026-10-05T13:39:43.677539+00:00,200,0.0,0.0,0.0,0.0,1.0,0.0,1.0,0.0,0.0,2.0,17.0,877.0,36.0,17.0,17.0,2026-09-28T12:57:33.622068+00:00,0.0
CCSDSPy,ccsdspy,http://ccsdspy.org,https://docs.ccsdspy.org/en/latest/,2026-10-05T13:39:43.709845+00:00,200,0.0,0.0,0.0,0.0,0.0,0.0,0.0,0.0,0.0,0.0,0.0,412.0,62.0,0.0,0.0,2026-09-28T12:57:33.371454+00:00,0.0
GetStream,getstream,https://getstream.io,https://getstream.io/,2026-10-05T13:39:43.745518+00:00,200,1.0,1.0,1.0,1.0,1.0,1.0,1.0,1.0,1.0,9.0,100.0,1556.0,186.0,100.0,100.0,2026-09-28T12:57:33.681723+00:00,0.0
Association-DataRing,association-dataring,https://www.data-ring.net,https://www.data-ring.net/,2026-10-05T13:39:43.772516+00:00,200,0.0,0.0,0.0,0.0,0.0,0.0,0.0,0.0,0.0,0.0,0.0,2504.0,208.0,0.0,0.0,2026-09-28T12:57:33.406135+00:00,0.0
DimensionDev,dimensiondev,https://dimension.im,https://dimension.im/,2026-10-05T13:39:43.777725+00:00,200,0.0,0.0,0.0,0.0,0.0,0.0,0.0,0.0,0.0,0.0,0.0,94.0,3.0,0.0,,,
DoliCloud,dolicloud,https://www.dolicloud.com,https://www.dolicloud.com/,2026-10-05T13:39:43.898493+00:00,200,1.0,0.0,0.0,0.0,0.0,0.0,0.0,1.0,0.0,2.0,24.0,643.0,53.0,24.0,24.0,2026-09-28T12:57:34.393952+00:00,0.0
IEEE-VIT,ieee-vit,https://ieeevit.org,https://ieeevit.org/,2026-10-05T13:39:43.901209+00:00,200,0.0,0.0,0.0,0.0,0.0,0.0,0.0,0.0,0.0,0.0,0.0,1.0,0.0,0.0,0.0,2026-09-28T12:57:33.853828+00:00,0.0
HeliosSoftware,heliossoftware,https://heliossoftware.com,https://heliossoftware.com/,2026-10-05T13:39:43.943058+00:00,200,0.0,1.0,0.0,1.0,0.0,0.0,1.0,0.0,0.0,3.0,35.0,820.0,46.0,35.0,35.0,2026-09-28T12:57:33.969148+00:00,0.0
Grashjs,grashjs,https://atlas-cmms.com,https://atlas-cmms.com/,2026-10-05T13:39:44.026110+00:00,200,1.0,1.0,0.0,0.0,0.0,0.0,0.0,1.0,1.0,4.0,50.0,1341.0,46.0,50.0,50.0,2026-09-28T12:57:33.875631+00:00,0.0
FyroxEngine,fyroxengine,https://fyrox.rs,https://fyrox.rs/,2026-10-05T13:39:44.030369+00:00,200,0.0,0.0,0.0,0.0,0.0,0.0,0.0,0.0,0.0,0.0,0.0,14.0,4.0,0.0,0.0,2026-09-28T12:57:33.685907+00:00,0.0
L5lua,l5lua,https://l5lua.org,https://l5lua.org/,2026-10-05T13:39:44.033917+00:00,200,0.0,0.0,0.0,0.0,0.0,0.0,0.0,0.0,0.0,0.0,0.0,788.0,21.0,0.0,0.0,2026-09-28T12:57:34.004048+00:00,0.0
ARPA-SIMC,arpa-simc,https://www.arpae.it/it/temi-ambientali/meteo/cosa-fa-arpae-meteo,https://www.arpae.it/it/temi-ambientali/meteo/cosa-fa-arpae-meteo,2026-10-05T13:39:44.059541+00:00,200,0.0,0.0,0.0,0.0,0.0,0.0,0.0,0.0,0.0,0.0,0.0,571.0,43.0,0.0,0.0,2026-09-28T12:57:35.612630+00:00,0.0
FoodOntology,foodontology,http://foodon.org,https://foodon.org/,2026-10-05T13:39:44.060640+00:00,200,0.0,0.0,0.0,0.0,0.0,0.0,0.0,0.0,0.0,0.0,0.0,1553.0,106.0,0.0,0.0,2026-09-28T12:57:34.129550+00:00,0.0
Lifecycle-Innovations-Limited,lifecycle-innovations-limited,https://www.healify.ai,https://www.healify.ai/,2026-10-05T13:39:44.213179+00:00,200,1.0,0.0,0.0,0.0,0.0,0.0,0.0,0.0,0.0,1.0,18.0,1194.0,55.0,18.0,18.0,2026-09-28T12:57:34.453423+00:00,0.0
HopHubProject,hophubproject,https://hophub.xyz,https://hophub.xyz/,2026-10-05T13:39:44.242404+00:00,200,0.0,0.0,0.0,0.0,0.0,0.0,0.0,0.0,0.0,0.0,0.0,521.0,19.0,0.0,0.0,2026-09-28T12:57:34.231652+00:00,0.0
LacledesLAN,lacledeslan,https://lacledeslan.com,https://lacledeslan.com/,2026-10-05T13:39:44.255360+00:00,200,0.0,0.0,0.0,0.0,0.0,0.0,0.0,0.0,0.0,0.0,0.0,394.0,25.0,0.0,0.0,2026-09-28T12:57:34.158987+00:00,0.0
MahoCommerce,mahocommerce,https://mahocommerce.com,https://mahocommerce.com/,2026-10-05T13:39:44.311287+00:00,200,0.0,0.0,0.0,0.0,0.0,1.0,1.0,1.0,0.0,3.0,20.0,2522.0,264.0,20.0,20.0,2026-09-28T12:57:34.383560+00:00,0.0
HCW-home,hcw-home,https://hcw-at-home.com,https://hcw-at-home.com/,2026-10-05T13:39:44.408235+00:00,200,1.0,0.0,0.0,0.0,0.0,0.0,1.0,1.0,0.0,3.0,29.0,684.0,40.0,29.0,29.0,2026-09-28T12:57:34.463791+00:00,0.0
KDE,kde,https://kde.org,https://kde.org/,2026-10-05T13:39:44.446598+00:00,200,0.0,0.0,0.0,0.0,0.0,0.0,1.0,0.0,0.0,1.0,5.0,989.0,157.0,5.0,5.0,2026-09-28T12:57:34.632259+00:00,0.0
Mountea-Framework,mountea-framework,https://mountea.tools,https://mountea.tools/,2026-10-05T13:39:44.454565+00:00,200,0.0,0.0,0.0,0.0,0.0,0.0,0.0,0.0,0.0,0.0,0.0,13.0,5.0,0.0,0.0,2026-09-28T12:57:34.948240+00:00,0.0
MystenLabs,mystenlabs,https://mystenlabs.com,https://www.mystenlabs.com/,2026-10-05T13:39:44.573981+00:00,200,0.0,0.0,0.0,1.0,0.0,0.0,1.0,0.0,0.0,2.0,15.0,1443.0,276.0,15.0,15.0,2026-09-28T12:57:34.874199+00:00,0.0
ClassIsland,classisland,https://classisland.tech,https://www.classisland.tech/,2026-10-05T13:39:44.586293+00:00,200,0.0,0.0,0.0,0.0,0.0,0.0,1.0,0.0,0.0,1.0,5.0,281.0,30.0,5.0,5.0,2026-09-28T12:57:34.407109+00:00,0.0
NethermindEth,nethermindeth,https://nethermind.io,https://www.nethermind.io/,2026-10-05T13:39:44.615477+00:00,200,0.0,1.0,1.0,0.0,1.0,1.0,0.0,0.0,0.0,4.0,55.0,2485.0,149.0,55.0,55.0,2026-09-28T12:57:34.992986+00:00,0.0
Open-Cap-Stack,open-cap-stack,https://opencapstack.com,https://opencapstack.com/,2026-10-05T13:39:44.643979+00:00,200,1.0,1.0,0.0,0.0,0.0,0.0,1.0,0.0,0.0,3.0,43.0,740.0,28.0,43.0,43.0,2026-09-28T12:57:34.910985+00:00,0.0
NASA-AMMOS,nasa-ammos,https://ammos.nasa.gov,https://ammos.nasa.gov/,2026-10-05T13:39:44.701474+00:00,200,0.0,0.0,0.0,1.0,1.0,0.0,0.0,0.0,0.0,2.0,22.0,504.0,199.0,22.0,22.0,2026-09-28T12:57:34.736961+00:00,0.0
OpenCircuits,opencircuits,https://opencircuits.io,https://opencircuits.io/,2026-10-05T13:39:44.801868+00:00,200,0.0,0.0,0.0,0.0,0.0,0.0,0.0,0.0,0.0,0.0,0.0,4.0,0.0,0.0,0.0,2026-09-28T12:57:35.246844+00:00,0.0
Official-MoonDao,official-moondao,https://moondao.com,https://www.moondao.com/,2026-10-05T13:39:44.896664+00:00,200,0.0,0.0,0.0,1.0,0.0,1.0,1.0,0.0,0.0,3.0,24.0,967.0,120.0,24.0,24.0,2026-09-28T12:57:35.116354+00:00,0.0
KyberNetwork,kybernetwork,http://kyber.network,https://kyber.network/,2026-10-05T13:39:44.908894+00:00,200,0.0,0.0,0.0,0.0,1.0,1.0,1.0,0.0,0.0,3.0,26.0,875.0,64.0,26.0,26.0,2026-09-28T12:57:34.919423+00:00,0.0
IntersectMBO,intersectmbo,https://www.intersectmbo.org,https://www.intersectmbo.org/,2026-10-05T13:39:45.015607+00:00,200,0.0,0.0,0.0,1.0,0.0,1.0,1.0,0.0,0.0,3.0,24.0,3297.0,148.0,24.0,24.0,2026-09-28T12:57:35.617389+00:00,0.0
ParabolInc,parabolinc,https://www.parabol.co,https://www.parabol.co/,2026-10-05T13:39:45.054319+00:00,200,1.0,0.0,1.0,0.0,1.0,1.0,1.0,0.0,0.0,5.0,58.0,879.0,103.0,58.0,58.0,2026-09-28T12:57:35.636330+00:00,0.0
MOVACT,movact,https://movact.de,https://www.movact.de/,2026-10-05T13:39:45.080006+00:00,200,0.0,0.0,0.0,0.0,0.0,0.0,0.0,0.0,0.0,0.0,0.0,380.0,21.0,0.0,0.0,2026-09-28T12:57:35.647618+00:00,0.0
OpnForm,opnform,https://opnform.com,https://opnform.com/,2026-10-05T13:39:45.114965+00:00,200,1.0,1.0,1.0,0.0,1.0,1.0,1.0,1.0,0.0,7.0,84.0,824.0,56.0,84.0,84.0,2026-09-28T12:57:35.926828+00:00,0.0
Paymenter,paymenter,https://paymenter.org,https://paymenter.org/,2026-10-05T13:39:45.235675+00:00,200,0.0,0.0,0.0,0.0,0.0,1.0,1.0,0.0,0.0,2.0,14.0,511.0,61.0,14.0,14.0,2026-09-28T12:57:35.911331+00:00,0.0
OpenCyphal,opencyphal,http://opencyphal.org,https://opencyphal.org/,2026-10-05T13:39:45.248011+00:00,200,0.0,0.0,0.0,0.0,0.0,0.0,0.0,0.0,0.0,0.0,0.0,2246.0,172.0,0.0,0.0,2026-09-28T12:57:35.857478+00:00,0.0
PostHog,posthog,https://posthog.com,https://posthog.com/,2026-10-05T13:39:45.404226+00:00,200,1.0,1.0,0.0,1.0,0.0,0.0,1.0,1.0,0.0,5.0,59.0,1197.0,138.0,59.0,59.0,2026-09-28T12:57:36.076528+00:00,0.0
Point72,point72,https://point72.com,https://point72.com/,2026-10-05T13:39:45.420773+00:00,200,0.0,0.0,0.0,1.0,0.0,0.0,0.0,0.0,0.0,1.0,10.0,837.0,100.0,10.0,10.0,2026-09-28T12:57:35.871232+00:00,0.0
PastVu,pastvu,https://pastvu.com,https://pastvu.com/,2026-10-05T13:39:45.474964+00:00,200,0.0,0.0,0.0,0.0,0.0,0.0,0.0,0.0,0.0,0.0,0.0,5.0,0.0,0.0,0.0,2026-09-28T12:57:35.779733+00:00,0.0
PCGEx,pcgex,https://pcgex.gitbook.io/pcgex/,https://pcgex.gitbook.io/pcgex,2026-10-05T13:39:45.548943+00:00,200,0.0,0.0,0.0,0.0,0.0,0.0,1.0,0.0,0.0,1.0,5.0,439.0,93.0,5.0,5.0,2026-09-28T12:57:35.487489+00:00,0.0
PyVRP,pyvrp,https://pyvrp.org,https://pyvrp.org/,2026-10-05T13:39:45.610190+00:00,200,0.0,0.0,0.0,0.0,0.0,0.0,1.0,0.0,0.0,1.0,5.0,410.0,70.0,5.0,5.0,2026-09-28T12:57:36.197653+00:00,0.0
Payroll-Engine,payroll-engine,https://payrollengine.org,https://payrollengine.org/,2026-10-05T13:39:45.625818+00:00,200,0.0,0.0,0.0,0.0,1.0,0.0,0.0,0.0,0.0,1.0,12.0,681.0,112.0,12.0,12.0,2026-09-28T12:57:36.412320+00:00,0.0
Qloapps,qloapps,https://qloapps.com,https://qloapps.com/,2026-10-05T13:39:45.646677+00:00,200,1.0,1.0,1.0,0.0,1.0,1.0,0.0,0.0,1.0,6.0,79.0,1509.0,110.0,79.0,79.0,2026-09-28T12:57:36.167446+00:00,0.0
PurrNet,purrnet,https://purrnet.dev,https://purrnet.dev/,2026-10-05T13:39:45.766392+00:00,200,1.0,0.0,0.0,0.0,0.0,0.0,1.0,0.0,0.0,2.0,23.0,1427.0,50.0,23.0,23.0,2026-09-28T12:57:36.446873+00:00,0.0
OpenByteInc,openbyteinc,https://www.quantdinger.com,https://www.quantdinger.com/,2026-10-05T13:39:45.815207+00:00,200,0.0,0.0,0.0,0.0,0.0,1.0,0.0,1.0,0.0,2.0,15.0,3347.0,74.0,15.0,15.0,2026-09-28T12:57:36.101272+00:00,0.0
QuartermindGames,quartermindgames,https://quartermind.com,https://quartermind.com/,2026-10-05T13:39:45.838080+00:00,200,0.0,0.0,0.0,0.0,0.0,0.0,0.0,0.0,0.0,0.0,0.0,13.0,1.0,0.0,0.0,2026-09-28T12:57:36.293710+00:00,0.0
RocketPy-Team,rocketpy-team,https://rocketpy.org,https://rocketpy-team.github.io/,2026-10-05T13:39:45.872137+00:00,200,0.0,1.0,0.0,0.0,0.0,0.0,1.0,0.0,0.0,2.0,25.0,1233.0,61.0,25.0,25.0,2026-09-28T12:57:36.646470+00:00,0.0
RouteVN,routevn,https://routevn.com,https://routevn.com/,2026-10-05T13:39:45.942581+00:00,200,0.0,0.0,0.0,0.0,0.0,0.0,0.0,0.0,0.0,0.0,0.0,28.0,8.0,0.0,0.0,2026-09-28T12:57:36.340260+00:00,0.0
SigNoz,signoz,https://signoz.io,https://signoz.io/,2026-10-05T13:39:46.059558+00:00,200,1.0,1.0,0.0,1.0,1.0,0.0,1.0,0.0,1.0,6.0,71.0,1271.0,176.0,71.0,71.0,2026-09-28T12:57:36.587825+00:00,0.0
SeismicSystems,seismicsystems,https://seismic.systems,https://www.seismic.systems/,2026-10-05T13:39:46.274726+00:00,200,0.0,0.0,0.0,0.0,0.0,0.0,1.0,0.0,0.0,1.0,5.0,624.0,83.0,5.0,5.0,2026-09-28T12:57:36.888385+00:00,0.0
RBND-studio,rbnd-studio,https://rbnd.studio,https://rbnd.studio/,2026-10-05T13:39:46.295673+00:00,200,0.0,0.0,0.0,0.0,0.0,0.0,0.0,0.0,0.0,0.0,0.0,85.0,7.0,0.0,0.0,2026-09-28T12:57:36.482474+00:00,0.0
SFDigitalServices,sfdigitalservices,https://sf.gov/departments/city-administrator/digital-services,https://www.sf.gov/departments/city-administrator/digital-services,2026-10-05T13:39:46.341327+00:00,202,0.0,0.0,0.0,0.0,0.0,0.0,0.0,0.0,0.0,0.0,0.0,0.0,0.0,0.0,0.0,2026-09-28T12:57:37.179263+00:00,0.0
StanfordSpezi,stanfordspezi,https://spezi.stanford.edu,https://spezi.stanford.edu/,2026-10-05T13:39:46.395014+00:00,200,0.0,0.0,0.0,0.0,1.0,1.0,0.0,0.0,0.0,2.0,21.0,373.0,54.0,21.0,21.0,2026-09-28T12:57:36.729414+00:00,0.0
Submitty,submitty,http://submitty.org,https://submitty.org/,2026-10-05T13:39:46.675932+00:00,200,0.0,0.0,0.0,0.0,0.0,0.0,0.0,0.0,0.0,0.0,0.0,9.0,1.0,0.0,0.0,2026-09-28T12:57:36.814573+00:00,0.0
SatDump,satdump,https://satdump.org,https://www.satdump.org/,2026-10-05T13:39:46.748914+00:00,200,0.0,0.0,0.0,0.0,0.0,0.0,1.0,0.0,0.0,1.0,5.0,452.0,25.0,5.0,5.0,2026-09-28T12:57:37.500786+00:00,0.0
RoboDojo-Benchmark,robodojo-benchmark,https://robodojo-benchmark.com,https://robodojo-benchmark.com/,2026-10-05T13:39:46.824226+00:00,200,0.0,0.0,0.0,0.0,0.0,0.0,0.0,0.0,0.0,0.0,0.0,13.0,0.0,0.0,0.0,2026-09-28T12:57:38.867998+00:00,0.0
PhotoFlare,photoflare,http://www.photoflare.io,https://photoflare.io/,2026-10-05T13:39:46.849370+00:00,200,0.0,0.0,0.0,0.0,0.0,0.0,0.0,0.0,0.0,0.0,0.0,243.0,55.0,0.0,0.0,2026-09-28T12:57:36.948511+00:00,0.0
WebODM,webodm,https://webodm.org,https://webodm.org/,2026-10-05T13:39:46.902984+00:00,200,0.0,0.0,0.0,0.0,0.0,0.0,1.0,0.0,0.0,1.0,5.0,651.0,43.0,5.0,5.0,2026-09-28T12:57:37.145823+00:00,0.0
OpenZeppelin,openzeppelin,https://openzeppelin.com,https://www.openzeppelin.com/,2026-10-05T13:39:46.955467+00:00,200,0.0,1.0,0.0,1.0,1.0,0.0,1.0,0.0,0.0,4.0,47.0,1028.0,92.0,47.0,47.0,2026-09-28T12:57:35.414049+00:00,0.0
WillowInc,willowinc,https://willowinc.com,https://willowinc.com/,2026-10-05T13:39:47.001026+00:00,200,0.0,1.0,0.0,0.0,0.0,0.0,0.0,0.0,0.0,1.0,20.0,1295.0,80.0,20.0,20.0,2026-09-28T12:57:37.283181+00:00,0.0
Yellow-Dog-Man,yellow-dog-man,https://yellowdogman.com,https://yellowdogman.com/,2026-10-05T13:39:47.051123+00:00,200,0.0,0.0,0.0,0.0,0.0,0.0,0.0,0.0,0.0,0.0,0.0,836.0,14.0,0.0,0.0,2026-09-28T12:57:37.336597+00:00,0.0
Velocidex,velocidex,https://www.velocidex.com,https://www.velocidex.com/,2026-10-05T13:39:47.054286+00:00,200,0.0,0.0,0.0,0.0,0.0,0.0,1.0,0.0,0.0,1.0,5.0,3.0,1.0,5.0,5.0,2026-09-28T12:57:37.255414+00:00,0.0
Synapsr,synapsr,https://synapsr.io,https://synapsr.io/,2026-10-05T13:39:47.073199+00:00,200,0.0,0.0,0.0,0.0,0.0,0.0,0.0,0.0,0.0,0.0,0.0,736.0,21.0,0.0,0.0,2026-09-28T12:57:37.469001+00:00,0.0
ZemerTeam,zemerteam,https://zemer.io,https://zemer.io/,2026-10-05T13:39:47.080096+00:00,200,0.0,0.0,0.0,0.0,0.0,0.0,1.0,0.0,0.0,1.0,5.0,283.0,14.0,5.0,5.0,2026-09-28T12:57:37.367694+00:00,0.0
OCSInventory-NG,ocsinventory-ng,http://www.ocsinventory-ng.org,https://ocsinventory-ng.org/?lang=fr,2026-10-05T13:39:47.092814+00:00,200,0.0,0.0,0.0,0.0,0.0,0.0,0.0,0.0,0.0,0.0,0.0,881.0,25.0,0.0,0.0,2026-09-28T12:57:37.629764+00:00,0.0
alloy-rs,alloy-rs,https://www.paradigm.xyz/oss/alloy,https://www.paradigm.xyz/oss/alloy,2026-10-05T13:39:47.185263+00:00,200,0.0,0.0,0.0,1.0,0.0,0.0,0.0,0.0,0.0,1.0,10.0,431.0,60.0,10.0,10.0,2026-09-28T12:57:37.653436+00:00,0.0
XCO-Agency,xco-agency,https://xco.agency,https://xco.agency/,2026-10-05T13:39:47.226894+00:00,200,1.0,1.0,0.0,0.0,0.0,1.0,0.0,1.0,0.0,4.0,53.0,929.0,97.0,53.0,53.0,2026-09-28T12:57:37.618296+00:00,0.0
accordproject,accordproject,https://www.accordproject.org,https://accordproject.org/,2026-10-05T13:39:47.319261+00:00,200,0.0,0.0,0.0,0.0,1.0,1.0,1.0,0.0,0.0,3.0,26.0,763.0,63.0,26.0,26.0,2026-09-28T12:57:37.586328+00:00,0.0
airbytehq,airbytehq,https://airbyte.io,https://airbyte.com/,2026-10-05T13:39:47.370939+00:00,200,1.0,0.0,0.0,1.0,1.0,0.0,1.0,1.0,1.0,6.0,57.0,514.0,51.0,57.0,57.0,2026-09-28T12:57:37.568567+00:00,0.0
TaloDev,talodev,https://trytalo.com,https://trytalo.com/,2026-10-05T13:39:47.387113+00:00,200,1.0,0.0,0.0,0.0,0.0,1.0,1.0,1.0,0.0,4.0,38.0,1050.0,77.0,38.0,38.0,2026-09-28T12:57:37.234150+00:00,0.0
aptos-labs,aptos-labs,https://aptoslabs.com,https://aptoslabs.com/,2026-10-05T13:39:47.414617+00:00,200,0.0,0.0,0.0,1.0,0.0,0.0,0.0,0.0,0.0,1.0,10.0,938.0,39.0,10.0,10.0,2026-09-28T12:57:37.686307+00:00,0.0
OpenOLAT,openolat,https://www.openolat.org,https://www.openolat.com/,2026-10-05T13:39:47.497482+00:00,200,0.0,0.0,0.0,0.0,0.0,0.0,1.0,0.0,0.0,1.0,5.0,2342.0,155.0,5.0,5.0,2026-09-28T12:57:37.129809+00:00,0.0
activist-org,activist-org,https://activist.org,https://activist.org/,2026-10-05T13:39:47.509713+00:00,200,0.0,0.0,0.0,0.0,0.0,0.0,0.0,0.0,0.0,0.0,0.0,1.0,0.0,0.0,0.0,2026-09-28T12:57:38.075988+00:00,0.0
ar-io,ar-io,https://ar.io,https://ar.io/,2026-10-05T13:39:47.526195+00:00,200,0.0,1.0,1.0,0.0,0.0,0.0,1.0,0.0,0.0,3.0,39.0,850.0,59.0,39.0,39.0,2026-09-28T12:57:37.869104+00:00,0.0
ai-shifu,ai-shifu,https://ai-shifu.com,https://ai-shifu.com/,2026-10-05T13:39:47.539975+00:00,200,0.0,0.0,0.0,0.0,0.0,0.0,0.0,0.0,0.0,0.0,0.0,290.0,13.0,0.0,0.0,2026-09-28T12:57:38.124081+00:00,0.0
aureuserp,aureuserp,https://aureuserp.com,https://aureuserp.com/,2026-10-05T13:39:47.612105+00:00,200,1.0,1.0,0.0,0.0,1.0,1.0,1.0,0.0,1.0,6.0,70.0,1242.0,89.0,70.0,70.0,2026-09-28T12:57:37.792976+00:00,0.0
argotorg,argotorg,https://argot.org,https://www.argot.org/,2026-10-05T13:39:47.662599+00:00,200,0.0,0.0,0.0,0.0,0.0,0.0,0.0,0.0,0.0,0.0,0.0,164.0,14.0,0.0,0.0,2026-09-28T12:57:38.155626+00:00,0.0
axone-protocol,axone-protocol,https://axone.xyz,https://axone.xyz/,2026-10-05T13:39:47.717021+00:00,200,0.0,0.0,0.0,0.0,0.0,1.0,1.0,0.0,0.0,2.0,14.0,1717.0,60.0,14.0,14.0,2026-09-28T12:57:38.138942+00:00,0.0
bagisto,bagisto,https://bagisto.com,https://bagisto.com/en/,2026-10-05T13:39:47.743975+00:00,200,1.0,1.0,1.0,0.0,1.0,1.0,1.0,0.0,1.0,7.0,84.0,1739.0,159.0,84.0,84.0,2026-09-28T12:57:38.418506+00:00,0.0
bevyengine,bevyengine,https://bevy.org,https://bevy.org/,2026-10-05T13:39:47.797675+00:00,200,0.0,0.0,0.0,0.0,0.0,0.0,0.0,0.0,0.0,0.0,0.0,959.0,27.0,0.0,0.0,2026-09-28T12:57:38.359641+00:00,0.0
aws-samples,aws-samples,https://amazon.com/aws,https://aws.amazon.com/getting-started/?sc_channel=BA,2026-10-05T13:39:47.871825+00:00,200,1.0,1.0,0.0,0.0,1.0,1.0,1.0,1.0,0.0,6.0,70.0,1273.0,126.0,70.0,70.0,2026-09-28T12:57:38.245141+00:00,0.0
aphp,aphp,https://www.aphp.fr,https://www.aphp.fr/,2026-10-05T13:39:47.929208+00:00,200,0.0,0.0,0.0,0.0,0.0,0.0,0.0,0.0,0.0,0.0,0.0,3056.0,319.0,0.0,0.0,2026-09-28T12:57:38.414217+00:00,0.0
bakaphp,bakaphp,https://kanvas.dev,https://kanvas.dev/,2026-10-05T13:39:47.946893+00:00,200,1.0,1.0,0.0,0.0,0.0,0.0,1.0,0.0,0.0,3.0,43.0,1021.0,30.0,43.0,43.0,2026-09-28T12:57:38.537204+00:00,0.0
atrocore,atrocore,https://www.atrocore.com,https://www.atrocore.com/en,2026-10-05T13:39:47.985850+00:00,200,1.0,1.0,0.0,1.0,1.0,1.0,0.0,0.0,0.0,5.0,69.0,1118.0,73.0,69.0,69.0,2026-09-28T12:57:38.430113+00:00,0.0
akaunting,akaunting,https://akaunting.com,https://akaunting.com/,2026-10-05T13:39:48.004449+00:00,200,0.0,0.0,0.0,0.0,0.0,0.0,1.0,0.0,0.0,1.0,5.0,620.0,86.0,5.0,5.0,2026-09-28T12:57:38.349314+00:00,0.0
TheXTech,thextech,https://wohlsoft.ru/projects/TheXTech/,https://wohlsoft.ru/projects/TheXTech/,2026-10-05T13:39:48.063470+00:00,200,0.0,0.0,0.0,0.0,0.0,0.0,1.0,0.0,0.0,1.0,5.0,11204.0,225.0,5.0,5.0,2026-09-28T12:57:38.335655+00:00,0.0
archtechx,archtechx,https://archte.ch,https://archte.ch/,2026-10-05T13:39:48.072073+00:00,200,0.0,0.0,0.0,1.0,0.0,0.0,0.0,0.0,0.0,1.0,10.0,113.0,31.0,10.0,10.0,2026-09-28T12:57:38.252656+00:00,0.0
bitcoin-dev-project,bitcoin-dev-project,https://bitcoindevs.xyz,https://bitcoindevs.xyz/,2026-10-05T13:39:48.100377+00:00,200,0.0,0.0,0.0,0.0,0.0,0.0,0.0,0.0,0.0,0.0,0.0,735.0,40.0,0.0,0.0,2026-09-28T12:57:38.689799+00:00,0.0
boardgameio,boardgameio,https://boardgame.io,https://boardgame.io/,2026-10-05T13:39:48.192386+00:00,200,0.0,0.0,0.0,0.0,0.0,0.0,0.0,0.0,0.0,0.0,0.0,167.0,8.0,0.0,0.0,2026-09-28T12:57:38.590227+00:00,0.0
bruin-data,bruin-data,https://getbruin.com,https://getbruin.com/,2026-10-05T13:39:48.213538+00:00,200,1.0,1.0,1.0,0.0,1.0,1.0,1.0,1.0,1.0,8.0,90.0,2549.0,68.0,90.0,67.0,2026-09-28T12:57:38.769569+00:00,23.0
bic-org,bic-org,https://www.bic-code.org,https://www.bic-code.org/,2026-10-05T13:39:48.286567+00:00,200,0.0,0.0,0.0,0.0,0.0,0.0,0.0,0.0,0.0,0.0,0.0,2069.0,93.0,0.0,0.0,2026-09-28T12:57:38.660384+00:00,0.0
ccao-data,ccao-data,https://www.cookcountyassessoril.gov,https://www.cookcountyassessoril.gov/,2026-10-05T13:39:48.385395+00:00,200,0.0,0.0,0.0,0.0,0.0,0.0,0.0,1.0,0.0,1.0,6.0,1053.0,178.0,6.0,6.0,2026-09-28T12:57:38.802960+00:00,0.0
calagopus,calagopus,https://calagopus.com,https://calagopus.com/,2026-10-05T13:39:48.407803+00:00,200,1.0,0.0,0.0,0.0,1.0,0.0,1.0,0.0,0.0,3.0,35.0,730.0,40.0,35.0,35.0,2026-09-28T12:57:38.811430+00:00,0.0
chainstacklabs,chainstacklabs,https://chainstack.com,https://chainstack.com/,2026-10-05T13:39:48.480327+00:00,200,1.0,1.0,1.0,1.0,1.0,1.0,1.0,0.0,0.0,7.0,88.0,1623.0,145.0,88.0,88.0,2026-09-28T12:57:38.960639+00:00,0.0
bigprof-software,bigprof-software,https://bigprof.com,https://bigprof.com/,2026-10-05T13:39:48.563074+00:00,200,0.0,1.0,0.0,0.0,0.0,0.0,1.0,1.0,0.0,3.0,31.0,1152.0,48.0,31.0,31.0,2026-09-28T12:57:38.979231+00:00,0.0
churnkey,churnkey,https://churnkey.co,https://churnkey.co/,2026-10-05T13:39:48.589136+00:00,200,1.0,1.0,0.0,1.0,1.0,1.0,1.0,1.0,1.0,8.0,86.0,1702.0,160.0,86.0,86.0,2026-09-28T12:57:39.041873+00:00,0.0
celerp,celerp,https://www.celerp.com,https://celerp.com/,2026-10-05T13:39:48.598459+00:00,200,1.0,0.0,1.0,0.0,0.0,1.0,1.0,0.0,0.0,4.0,46.0,1352.0,48.0,46.0,46.0,2026-09-28T12:57:39.325126+00:00,0.0
castle-engine,castle-engine,https://castle-engine.io,https://castle-engine.io/,2026-10-05T13:39:48.621280+00:00,200,0.0,0.0,0.0,0.0,0.0,0.0,1.0,0.0,0.0,1.0,5.0,475.0,75.0,5.0,5.0,2026-09-28T12:57:39.076782+00:00,0.0
chickensoft-games,chickensoft-games,https://chickensoft.games,https://chickensoft.games/,2026-10-05T13:39:48.668288+00:00,200,0.0,0.0,0.0,0.0,0.0,0.0,1.0,0.0,0.0,1.0,5.0,1287.0,90.0,5.0,5.0,2026-09-28T12:57:39.316032+00:00,0.0
classroomio,classroomio,https://classroomio.com,https://classroomio.com/,2026-10-05T13:39:48.742478+00:00,200,1.0,0.0,0.0,0.0,0.0,0.0,1.0,1.0,1.0,4.0,35.0,589.0,31.0,35.0,35.0,2026-09-28T12:57:39.020186+00:00,0.0
commaai,commaai,https://comma.ai,https://comma.ai/,2026-10-05T13:39:48.793793+00:00,200,0.0,0.0,0.0,1.0,0.0,0.0,0.0,0.0,0.0,1.0,10.0,576.0,63.0,10.0,10.0,2026-09-28T12:57:39.345802+00:00,0.0
canton-network,canton-network,https://canton.network,https://www.canton.network/,2026-10-05T13:39:48.810336+00:00,200,0.0,0.0,0.0,0.0,0.0,0.0,0.0,0.0,0.0,0.0,0.0,652.0,68.0,0.0,0.0,2026-09-28T12:57:38.866147+00:00,0.0
constructorfabric,constructorfabric,https://constructorfabric.org,https://constructorfabric.org/,2026-10-05T13:39:48.814715+00:00,200,0.0,0.0,0.0,0.0,0.0,0.0,0.0,0.0,0.0,0.0,0.0,11.0,0.0,0.0,0.0,2026-09-28T12:57:39.276454+00:00,0.0
autowarefoundation,autowarefoundation,https://www.autoware.org,https://autoware.org/,2026-10-05T13:39:48.912043+00:00,200,0.0,1.0,0.0,0.0,0.0,0.0,0.0,1.0,0.0,2.0,26.0,430.0,59.0,26.0,26.0,2026-09-28T12:57:39.951978+00:00,0.0
codeforlife-education,codeforlife-education,https://www.codeforlife.education,https://www.codeforlife.education/,2026-10-05T13:39:48.927118+00:00,200,0.0,0.0,0.0,0.0,0.0,0.0,1.0,1.0,0.0,2.0,11.0,405.0,53.0,11.0,11.0,2026-09-28T12:57:39.580572+00:00,0.0
cilium,cilium,https://cilium.io,https://cilium.io/,2026-10-05T13:39:48.959225+00:00,200,0.0,0.0,0.0,0.0,0.0,0.0,0.0,0.0,0.0,0.0,0.0,9.0,0.0,0.0,0.0,2026-09-28T12:57:39.332134+00:00,0.0
biblys,biblys,http://biblys.fr,https://biblys.org/,2026-10-05T13:39:48.975576+00:00,200,0.0,0.0,0.0,0.0,0.0,0.0,1.0,0.0,0.0,1.0,5.0,457.0,43.0,5.0,5.0,2026-09-28T12:57:40.164457+00:00,0.0
crownengine,crownengine,https://www.crownengine.org,https://www.crownengine.org/,2026-10-05T13:39:48.990640+00:00,200,0.0,0.0,0.0,0.0,0.0,0.0,1.0,0.0,0.0,1.0,5.0,249.0,42.0,5.0,5.0,2026-09-28T12:57:39.562725+00:00,0.0
cryostatio,cryostatio,https://cryostat.io,https://cryostat.io/,2026-10-05T13:39:49.000397+00:00,200,0.0,0.0,0.0,0.0,0.0,0.0,1.0,0.0,0.0,1.0,5.0,102.0,13.0,5.0,5.0,2026-09-28T12:57:39.480534+00:00,0.0
cpinitiative,cpinitiative,https://joincpi.org,https://joincpi.org/,2026-10-05T13:39:49.081439+00:00,200,0.0,0.0,0.0,0.0,0.0,0.0,1.0,1.0,0.0,2.0,11.0,1169.0,192.0,11.0,11.0,2026-09-28T12:57:39.423863+00:00,0.0
blumilksoftware,blumilksoftware,http://blumilk.pl,https://blumilk.pl/en,2026-10-05T13:39:49.092797+00:00,200,0.0,1.0,0.0,0.0,0.0,0.0,0.0,0.0,0.0,1.0,20.0,895.0,39.0,20.0,20.0,2026-09-28T12:57:39.631863+00:00,0.0
daccotta-org,daccotta-org,https://daccotta.com,https://daccotta.com/,2026-10-05T13:39:49.149911+00:00,200,0.0,0.0,0.0,0.0,0.0,0.0,0.0,1.0,0.0,1.0,6.0,193.0,10.0,6.0,6.0,2026-09-28T12:57:40.383010+00:00,0.0
debezium,debezium,https://debezium.io,https://debezium.io/,2026-10-05T13:39:49.155069+00:00,200,0.0,0.0,0.0,0.0,0.0,0.0,0.0,0.0,0.0,0.0,0.0,544.0,35.0,0.0,0.0,2026-09-28T12:57:39.667668+00:00,0.0
disclose,disclose,https://disclose.io,https://disclose.io/,2026-10-05T13:39:49.292381+00:00,200,0.0,0.0,0.0,0.0,1.0,0.0,1.0,1.0,0.0,3.0,23.0,974.0,96.0,23.0,23.0,2026-09-28T12:57:39.915597+00:00,0.0
dfinity,dfinity,https://dfinity.org,https://dfinity.org/,2026-10-05T13:39:49.312474+00:00,200,0.0,0.0,0.0,0.0,0.0,0.0,1.0,1.0,0.0,2.0,11.0,193.0,25.0,11.0,11.0,2026-09-28T12:57:40.036703+00:00,0.0
coollabsio,coollabsio,https://coollabs.io,https://coollabs.io/,2026-10-05T13:39:49.319133+00:00,200,0.0,0.0,0.0,0.0,0.0,0.0,0.0,0.0,0.0,0.0,0.0,292.0,48.0,0.0,0.0,2026-09-28T12:57:39.475938+00:00,0.0
dbt-labs,dbt-labs,https://getdbt.com,https://www.getdbt.com/,2026-10-05T13:39:49.344048+00:00,200,1.0,1.0,0.0,1.0,1.0,1.0,1.0,1.0,1.0,8.0,86.0,887.0,71.0,86.0,86.0,2026-09-28T12:57:39.749255+00:00,0.0
cran-task-views,cran-task-views,https://cran.r-project.org/web/views/,https://cran.r-project.org/web/views/,2026-10-05T13:39:49.475943+00:00,200,0.0,0.0,0.0,0.0,0.0,0.0,0.0,0.0,0.0,0.0,0.0,398.0,52.0,0.0,0.0,2026-09-28T12:57:39.688054+00:00,0.0
cyberbotics,cyberbotics,https://cyberbotics.com,https://cyberbotics.com/,2026-10-05T13:39:49.545595+00:00,200,1.0,0.0,0.0,0.0,0.0,0.0,0.0,0.0,0.0,1.0,18.0,1412.0,157.0,18.0,18.0,2026-09-28T12:57:40.096119+00:00,0.0
ecomplus,ecomplus,https://developers.e-com.plus,https://developers.e-com.plus/,2026-10-05T13:39:49.624183+00:00,200,0.0,1.0,0.0,0.0,0.0,1.0,1.0,0.0,0.0,3.0,34.0,220.0,49.0,34.0,34.0,2026-09-28T12:57:39.976255+00:00,0.0
epic-open-source,epic-open-source,https://www.epic.com,https://www.epic.com/,2026-10-05T13:39:49.637342+00:00,200,0.0,0.0,0.0,1.0,0.0,0.0,0.0,0.0,0.0,1.0,10.0,930.0,77.0,10.0,10.0,2026-09-28T12:57:40.124527+00:00,0.0
eftechcombr,eftechcombr,https://www.eftech.com.br,https://www.eftech.com.br/,2026-10-05T13:39:49.677135+00:00,200,0.0,0.0,0.0,0.0,0.0,0.0,0.0,0.0,0.0,0.0,0.0,397.0,41.0,0.0,0.0,2026-09-28T12:57:40.288664+00:00,0.0
DiligentGraphics,diligentgraphics,http://diligentgraphics.com,https://diligentgraphics.com/,2026-10-05T13:39:49.698622+00:00,200,0.0,0.0,0.0,0.0,0.0,0.0,0.0,0.0,0.0,0.0,0.0,2203.0,258.0,0.0,0.0,2026-09-28T12:57:36.761199+00:00,0.0
dagucloud,dagucloud,https://dagu.sh,https://dagu.sh/,2026-10-05T13:39:49.882015+00:00,200,1.0,1.0,0.0,0.0,0.0,0.0,1.0,1.0,0.0,4.0,49.0,1301.0,92.0,49.0,49.0,2026-09-28T12:57:40.376712+00:00,0.0
estuary,estuary,https://estuary.dev,https://estuary.dev/,2026-10-05T13:39:49.897521+00:00,200,1.0,1.0,1.0,0.0,1.0,1.0,1.0,1.0,1.0,8.0,90.0,1833.0,130.0,90.0,64.0,2026-09-28T12:57:40.281645+00:00,26.0
elimu-ai,elimu-ai,https://elimu.ai,https://elimu.ai/,2026-10-05T13:39:49.913583+00:00,200,0.0,0.0,0.0,0.0,0.0,0.0,0.0,0.0,0.0,0.0,0.0,68.0,8.0,0.0,0.0,2026-09-28T12:57:40.463348+00:00,0.0
databayt,databayt,https://www.databayt.org,https://www.databayt.org/en,2026-10-05T13:39:49.912288+00:00,200,1.0,1.0,0.0,0.0,0.0,0.0,0.0,0.0,0.0,2.0,38.0,461.0,16.0,38.0,38.0,2026-09-28T12:57:40.537594+00:00,0.0
beikeshop,beikeshop,https://www.beikeshop.com,https://beikeshop.com/,2026-10-05T13:39:49.933698+00:00,200,1.0,1.0,0.0,0.0,0.0,1.0,1.0,0.0,0.0,4.0,52.0,1366.0,121.0,52.0,52.0,2026-09-28T12:57:40.867020+00:00,0.0
elodin-sys,elodin-sys,https://elodin.systems,https://www.elodin.systems/,2026-10-05T13:39:49.970121+00:00,200,0.0,0.0,0.0,0.0,0.0,0.0,1.0,0.0,0.0,1.0,5.0,837.0,33.0,5.0,5.0,2026-09-28T12:57:40.299072+00:00,0.0
exactly,exactly,https://exact.ly,https://exact.ly/,2026-10-05T13:39:49.976696+00:00,200,0.0,0.0,0.0,0.0,1.0,0.0,1.0,0.0,0.0,2.0,17.0,204.0,19.0,17.0,17.0,2026-09-28T12:57:40.502127+00:00,0.0
fedbiomed,fedbiomed,https://fedbiomed.org,https://fedbiomed.org/,2026-10-05T13:39:50.213195+00:00,200,0.0,0.0,0.0,0.0,0.0,0.0,1.0,0.0,0.0,1.0,5.0,654.0,54.0,5.0,5.0,2026-09-28T12:57:40.907779+00:00,0.0
exyte,exyte,https://exyte.com,https://exyte.com/,2026-10-05T13:39:50.226286+00:00,200,0.0,0.0,0.0,0.0,0.0,0.0,0.0,0.0,0.0,0.0,0.0,1309.0,52.0,0.0,0.0,2026-09-28T12:57:40.671146+00:00,0.0
ere-health,ere-health,https://ere.health,https://ere.health/,2026-10-05T13:39:50.243842+00:00,200,0.0,0.0,0.0,0.0,0.0,0.0,0.0,0.0,0.0,0.0,0.0,926.0,12.0,0.0,0.0,2026-09-28T12:57:40.982097+00:00,0.0
finos,finos,https://landscape.finos.org,https://landscape.finos.org/,2026-10-05T13:39:50.247632+00:00,200,0.0,0.0,0.0,0.0,0.0,0.0,0.0,0.0,0.0,0.0,0.0,2.0,0.0,0.0,0.0,2026-09-28T12:57:40.819131+00:00,0.0
foundation50,foundation50,https://fifty.foundation,https://fifty.foundation/,2026-10-05T13:39:50.278560+00:00,200,0.0,0.0,0.0,0.0,0.0,0.0,0.0,0.0,0.0,0.0,0.0,0.0,0.0,0.0,0.0,2026-09-28T12:57:41.107899+00:00,0.0
fluttercandies,fluttercandies,http://fluttercandies.com,http://fluttercandies.com/,2026-10-05T13:39:50.298572+00:00,200,0.0,0.0,0.0,0.0,0.0,0.0,0.0,0.0,0.0,0.0,0.0,1.0,0.0,0.0,0.0,2026-09-28T12:57:41.131793+00:00,0.0
ever-co,ever-co,https://ever.co,https://ever.co/,2026-10-05T13:39:50.336237+00:00,200,1.0,0.0,0.0,1.0,0.0,1.0,1.0,1.0,0.0,5.0,48.0,2276.0,213.0,48.0,48.0,2026-09-28T12:57:40.816282+00:00,0.0
evershopcommerce,evershopcommerce,https://evershop.io,https://evershop.io/,2026-10-05T13:39:50.368667+00:00,200,0.0,0.0,0.0,0.0,0.0,1.0,1.0,0.0,0.0,2.0,14.0,936.0,33.0,14.0,14.0,2026-09-28T12:57:40.631312+00:00,0.0
earthians,earthians,https://earthianslive.com,https://earthianslive.com/,2026-10-05T13:39:50.375457+00:00,200,0.0,0.0,0.0,1.0,0.0,0.0,0.0,1.0,0.0,2.0,16.0,496.0,31.0,16.0,16.0,2026-09-28T12:57:41.306162+00:00,0.0
foxglove,foxglove,https://foxglove.dev,https://foxglove.dev/,2026-10-05T13:39:50.388618+00:00,200,1.0,1.0,1.0,1.0,1.0,1.0,1.0,1.0,1.0,9.0,100.0,713.0,99.0,100.0,100.0,2026-09-28T12:57:41.047905+00:00,0.0
gardener,gardener,https://gardener.cloud,https://gardener.cloud/,2026-10-05T13:39:50.409574+00:00,200,0.0,0.0,0.0,0.0,1.0,0.0,1.0,0.0,0.0,2.0,17.0,252.0,28.0,17.0,17.0,2026-09-28T12:57:41.123908+00:00,0.0
gofractally,gofractally,https://fractally.com,https://fractally.com/,2026-10-05T13:39:50.467472+00:00,200,0.0,0.0,0.0,0.0,0.0,0.0,0.0,0.0,0.0,0.0,0.0,462.0,43.0,0.0,0.0,2026-09-28T12:57:41.238319+00:00,0.0
fineprint-global,fineprint-global,https://fineprint.resource-use.global,https://fineprint.resource-use.global/,2026-10-05T13:39:50.506670+00:00,200,0.0,0.0,0.0,0.0,0.0,0.0,0.0,0.0,0.0,0.0,0.0,371.0,31.0,0.0,0.0,2026-09-28T12:57:41.533141+00:00,0.0
fleetbase,fleetbase,https://www.fleetbase.io,https://fleetbase.io/,2026-10-05T13:39:50.561252+00:00,200,1.0,0.0,1.0,0.0,1.0,1.0,1.0,1.0,1.0,7.0,70.0,2265.0,97.0,70.0,70.0,2026-09-28T12:57:41.522455+00:00,0.0
game-ci,game-ci,https://game.ci,https://game.ci/,2026-10-05T13:39:50.595667+00:00,200,0.0,1.0,0.0,0.0,0.0,0.0,1.0,0.0,0.0,2.0,25.0,531.0,50.0,25.0,25.0,2026-09-28T12:57:41.055815+00:00,0.0
gumlet,gumlet,https://www.gumlet.com,https://www.gumlet.com/,2026-10-05T13:39:50.671211+00:00,200,1.0,1.0,1.0,1.0,1.0,0.0,1.0,1.0,1.0,8.0,91.0,755.0,130.0,91.0,91.0,2026-09-28T12:57:41.276422+00:00,0.0
haxtheweb,haxtheweb,https://hax.psu.edu,https://hax.psu.edu/,2026-10-05T13:39:50.770298+00:00,200,0.0,0.0,0.0,0.0,0.0,0.0,0.0,0.0,0.0,0.0,0.0,24.0,3.0,0.0,0.0,2026-09-28T12:57:41.432389+00:00,0.0
foundry-rs,foundry-rs,https://getfoundry.sh,https://www.getfoundry.sh/,2026-10-05T13:39:50.797066+00:00,200,0.0,0.0,0.0,0.0,0.0,0.0,0.0,0.0,0.0,0.0,0.0,101.0,17.0,0.0,0.0,2026-09-28T12:57:41.449392+00:00,0.0
gochain,gochain,https://gochain.io,https://gochain.io/,2026-10-05T13:39:50.863601+00:00,200,0.0,0.0,1.0,0.0,0.0,0.0,1.0,0.0,0.0,2.0,19.0,432.0,33.0,19.0,19.0,2026-09-28T12:57:41.585670+00:00,0.0
growthepie,growthepie,https://www.growthepie.com,https://www.growthepie.com/,2026-10-05T13:39:50.904009+00:00,200,0.0,0.0,0.0,0.0,0.0,0.0,0.0,0.0,0.0,0.0,0.0,404.0,6.0,0.0,0.0,2026-09-28T12:57:41.545556+00:00,0.0
hyperledger-labs,hyperledger-labs,https://lf-decentralized-trust-labs.github.io,https://lf-decentralized-trust-labs.github.io/,2026-10-05T13:39:50.938470+00:00,200,0.0,0.0,0.0,0.0,1.0,0.0,0.0,0.0,0.0,1.0,12.0,662.0,202.0,12.0,12.0,2026-09-28T12:57:41.698419+00:00,0.0
heroiclabs,heroiclabs,https://heroiclabs.com,https://heroiclabs.com/,2026-10-05T13:39:50.965095+00:00,200,1.0,1.0,1.0,1.0,0.0,0.0,1.0,1.0,1.0,7.0,79.0,918.0,132.0,79.0,79.0,2026-09-28T12:57:41.725160+00:00,0.0
gear-tech,gear-tech,https://gear-tech.io,https://gear-tech.io/,2026-10-05T13:39:50.978871+00:00,200,0.0,0.0,0.0,0.0,0.0,0.0,1.0,0.0,0.0,1.0,5.0,713.0,56.0,5.0,5.0,2026-09-28T12:57:41.665748+00:00,0.0
hedyorg,hedyorg,https://www.hedy.org,https://www.hedy.org/,2026-10-05T13:39:50.987626+00:00,200,0.0,0.0,0.0,0.0,0.0,0.0,0.0,0.0,0.0,0.0,0.0,663.0,17.0,0.0,0.0,2026-09-28T12:57:42.051699+00:00,0.0
hpi-studyu,hpi-studyu,https://studyu.health,https://www.studyu.health/,2026-10-05T13:39:51.056911+00:00,200,0.0,0.0,0.0,0.0,0.0,0.0,1.0,0.0,0.0,1.0,5.0,943.0,56.0,5.0,5.0,2026-09-28T12:57:42.141068+00:00,0.0
immutable,immutable,https://immutable.com,https://www.immutable.com/,2026-10-05T13:39:51.326115+00:00,200,1.0,1.0,0.0,1.0,1.0,0.0,1.0,1.0,1.0,7.0,77.0,1986.0,71.0,77.0,77.0,2026-09-28T12:57:42.272122+00:00,0.0
iblai,iblai,https://ibl.ai,https://ibl.ai/,2026-10-05T13:39:51.340089+00:00,200,1.0,1.0,1.0,0.0,1.0,0.0,1.0,0.0,1.0,6.0,75.0,1297.0,86.0,75.0,75.0,2026-09-28T12:57:41.857097+00:00,0.0
iflytek,iflytek,https://opensource.iflytek.com,https://opensource.iflytek.com/,2026-10-05T13:39:51.354249+00:00,200,0.0,0.0,0.0,0.0,1.0,0.0,0.0,0.0,0.0,1.0,12.0,391.0,69.0,12.0,12.0,2026-09-28T12:57:42.181983+00:00,0.0
healthchainai,healthchainai,https://dotimplement.ai,https://dotimplement.ai/,2026-10-05T13:39:51.364292+00:00,200,0.0,0.0,0.0,0.0,0.0,0.0,0.0,0.0,0.0,0.0,0.0,485.0,20.0,0.0,0.0,2026-09-28T12:57:42.023634+00:00,0.0
horilla,horilla,https://horilla.com,https://www.horilla.com/,2026-10-05T13:39:51.712587+00:00,200,1.0,1.0,1.0,0.0,1.0,1.0,1.0,1.0,1.0,8.0,90.0,3361.0,78.0,90.0,90.0,2026-09-28T12:57:42.688294+00:00,0.0
juspay,juspay,https://www.juspay.in,https://juspay.io/us,2026-10-05T13:39:51.768410+00:00,200,0.0,1.0,1.0,1.0,1.0,1.0,1.0,1.0,0.0,7.0,76.0,1913.0,104.0,76.0,76.0,2026-09-28T12:57:42.513788+00:00,0.0
jmix-framework,jmix-framework,https://www.jmix.io,https://www.jmix.io/,2026-10-05T13:39:51.805189+00:00,200,1.0,1.0,1.0,0.0,0.0,1.0,1.0,1.0,1.0,7.0,78.0,1620.0,207.0,78.0,78.0,2026-09-28T12:57:42.585955+00:00,0.0
gurkenlabs,gurkenlabs,http://www.gurkenlabs.de,https://gurkenlabs.de/,2026-10-05T13:39:51.821037+00:00,200,0.0,0.0,0.0,0.0,0.0,0.0,0.0,0.0,0.0,0.0,0.0,809.0,46.0,0.0,0.0,2026-09-28T12:57:42.816512+00:00,0.0
langfuse,langfuse,https://langfuse.com,https://langfuse.com/,2026-10-05T13:39:51.980718+00:00,200,1.0,0.0,1.0,1.0,1.0,1.0,1.0,1.0,1.0,8.0,80.0,1661.0,249.0,80.0,80.0,2026-09-28T12:57:42.787866+00:00,0.0
langchain-ai,langchain-ai,https://www.langchain.com,https://www.langchain.com/,2026-10-05T13:39:52.003491+00:00,200,1.0,1.0,0.0,1.0,1.0,0.0,1.0,1.0,0.0,6.0,71.0,719.0,115.0,71.0,71.0,2026-09-28T12:57:42.639158+00:00,0.0
kairos-io,kairos-io,https://kairos.io,https://kairos.io/,2026-10-05T13:39:52.048161+00:00,200,0.0,0.0,1.0,0.0,1.0,0.0,1.0,0.0,0.0,3.0,31.0,932.0,70.0,31.0,31.0,2026-09-28T12:57:42.505948+00:00,0.0
learning-commons-org,learning-commons-org,https://learningcommons.org,https://learningcommons.org/,2026-10-05T13:39:52.129779+00:00,200,0.0,1.0,0.0,1.0,1.0,0.0,1.0,1.0,0.0,5.0,53.0,995.0,79.0,53.0,53.0,2026-09-28T12:57:42.997479+00:00,0.0
jlawyerorg,jlawyerorg,http://www.j-lawyer.org,https://www.j-lawyer.org/,2026-10-05T13:39:52.312618+00:00,200,0.0,0.0,0.0,0.0,0.0,0.0,0.0,0.0,0.0,0.0,0.0,439.0,160.0,0.0,0.0,2026-09-28T12:57:43.465725+00:00,0.0
learningeconomy,learningeconomy,https://www.learningeconomy.io,https://www.learningeconomy.io/,2026-10-05T13:39:52.405415+00:00,200,0.0,0.0,0.0,1.0,0.0,1.0,1.0,0.0,0.0,3.0,24.0,4811.0,1141.0,24.0,24.0,2026-09-28T12:57:43.090699+00:00,0.0
flaskbb,flaskbb,https://flaskbb.org,https://uk-freshbet.com/,2026-10-05T13:39:52.420748+00:00,200,0.0,0.0,0.0,0.0,0.0,0.0,0.0,0.0,0.0,0.0,0.0,2363.0,54.0,0.0,0.0,2026-09-28T12:57:43.624766+00:00,0.0
learnhouse,learnhouse,https://learnhouse.app,https://www.learnhouse.app/,2026-10-05T13:39:52.448569+00:00,200,1.0,1.0,1.0,0.0,1.0,1.0,1.0,1.0,0.0,7.0,84.0,1195.0,98.0,84.0,84.0,2026-09-28T12:57:43.140426+00:00,0.0
lifinance,lifinance,https://li.fi,https://li.fi/,2026-10-05T13:39:52.623423+00:00,200,0.0,1.0,0.0,1.0,0.0,0.0,1.0,1.0,1.0,5.0,47.0,1306.0,148.0,47.0,47.0,2026-09-28T12:57:43.210320+00:00,0.0
ihmcrobotics,ihmcrobotics,https://robots.ihmc.us,https://robots.ihmc.us/,2026-10-05T13:39:52.680312+00:00,200,0.0,0.0,0.0,1.0,0.0,0.0,0.0,0.0,0.0,1.0,10.0,212.0,68.0,10.0,10.0,2026-09-28T12:57:42.077353+00:00,0.0
livekit,livekit,https://livekit.io,https://livekit.com/,2026-10-05T13:39:52.731679+00:00,200,1.0,1.0,0.0,1.0,1.0,1.0,1.0,0.0,1.0,7.0,80.0,1750.0,124.0,80.0,80.0,2026-09-28T12:57:43.292813+00:00,0.0
insightsengineering,insightsengineering,https://code4life.roche.com,https://careers.roche.com/global/en/tech4life,2026-10-05T13:39:52.768589+00:00,200,0.0,0.0,0.0,1.0,1.0,0.0,0.0,0.0,0.0,2.0,22.0,677.0,43.0,22.0,22.0,2026-09-28T12:57:42.855221+00:00,0.0
kuestcom,kuestcom,https://kuest.com,https://kuest.com/,2026-10-05T13:39:52.838170+00:00,200,1.0,0.0,1.0,0.0,0.0,1.0,1.0,1.0,0.0,5.0,52.0,1373.0,62.0,52.0,52.0,2026-09-28T12:57:43.420970+00:00,0.0
lomiafrica,lomiafrica,https://lomi.africa,https://lomi.africa/,2026-10-05T13:39:52.957222+00:00,200,1.0,0.0,1.0,1.0,0.0,0.0,1.0,1.0,0.0,5.0,53.0,4897.0,155.0,53.0,62.0,2026-09-28T12:57:43.737134+00:00,-9.0
luanti-org,luanti-org,https://www.luanti.org,https://www.luanti.org/,2026-10-05T13:39:52.960369+00:00,200,0.0,0.0,0.0,0.0,0.0,0.0,0.0,0.0,0.0,0.0,0.0,9.0,1.0,0.0,0.0,2026-09-28T12:57:43.420250+00:00,0.0
logicaldoc,logicaldoc,https://www.logicaldoc.com,https://www.logicaldoc.com/,2026-10-05T13:39:53.070062+00:00,200,0.0,0.0,0.0,0.0,0.0,0.0,1.0,1.0,1.0,3.0,17.0,753.0,128.0,17.0,17.0,2026-09-28T12:57:43.867095+00:00,0.0
manypost,manypost,https://manypost.com.br,https://manypost.com.br/,2026-10-05T13:39:53.102715+00:00,200,0.0,0.0,1.0,0.0,0.0,0.0,1.0,0.0,0.0,2.0,19.0,1612.0,121.0,19.0,19.0,2026-09-28T12:57:43.764830+00:00,0.0
medplum,medplum,https://www.medplum.com,https://www.medplum.com/,2026-10-05T13:39:53.114733+00:00,200,1.0,1.0,1.0,1.0,1.0,1.0,1.0,0.0,1.0,8.0,94.0,1010.0,39.0,94.0,94.0,2026-09-28T12:57:43.637825+00:00,0.0
margelo,margelo,https://margelo.com,https://margelo.com/,2026-10-05T13:39:53.146733+00:00,200,0.0,1.0,0.0,0.0,0.0,1.0,0.0,0.0,0.0,2.0,29.0,1062.0,39.0,29.0,29.0,2026-09-28T12:57:43.610686+00:00,0.0
medusajs,medusajs,https://medusajs.com,https://medusajs.com/,2026-10-05T13:39:53.204316+00:00,200,1.0,0.0,1.0,0.0,0.0,1.0,1.0,1.0,1.0,6.0,58.0,551.0,57.0,58.0,58.0,2026-09-28T12:57:43.885316+00:00,0.0
intershop,intershop,https://intershop.com,https://www.intershop.com/en/,2026-10-05T13:39:53.318000+00:00,200,0.0,1.0,0.0,1.0,1.0,1.0,0.0,0.0,1.0,5.0,57.0,864.0,169.0,57.0,57.0,2026-09-28T12:57:44.416584+00:00,0.0
microblink,microblink,https://microblink.com,https://microblink.com/,2026-10-05T13:39:53.351135+00:00,200,0.0,1.0,0.0,1.0,1.0,1.0,1.0,0.0,1.0,6.0,62.0,1923.0,205.0,62.0,62.0,2026-09-28T12:57:44.117965+00:00,0.0
metorial,metorial,https://metorial.com,https://metorial.com/,2026-10-05T13:39:53.421505+00:00,200,1.0,1.0,1.0,1.0,1.0,1.0,1.0,0.0,1.0,8.0,94.0,1702.0,94.0,94.0,94.0,2026-09-28T12:57:44.925534+00:00,0.0
mloda-ai,mloda-ai,https://mloda.ai,https://mloda.ai/,2026-10-05T13:39:53.434605+00:00,200,0.0,0.0,0.0,0.0,0.0,0.0,0.0,0.0,0.0,0.0,0.0,902.0,56.0,0.0,0.0,2026-09-28T12:57:44.137103+00:00,0.0
moov-io,moov-io,https://moov.io,https://moov.io/,2026-10-05T13:39:53.449451+00:00,200,1.0,1.0,0.0,1.0,1.0,1.0,1.0,1.0,1.0,8.0,86.0,1033.0,110.0,86.0,86.0,2026-09-28T12:57:44.292938+00:00,0.0
mercurjs,mercurjs,https://www.mercurjs.com,https://www.mercurjs.com/,2026-10-05T13:39:53.486297+00:00,200,0.0,1.0,1.0,0.0,1.0,1.0,1.0,0.0,0.0,5.0,60.0,911.0,63.0,60.0,60.0,2026-09-28T12:57:44.149532+00:00,0.0
mx-space,mx-space,https://mx-space.js.org,https://mx-space.js.org/,2026-10-05T13:39:53.527855+00:00,200,0.0,0.0,0.0,0.0,0.0,0.0,1.0,0.0,0.0,1.0,5.0,207.0,80.0,5.0,5.0,2026-09-28T12:57:44.272467+00:00,0.0
mugnavo,mugnavo,https://mugnavo.com,https://mugnavo.com/,2026-10-05T13:39:53.567832+00:00,200,0.0,0.0,0.0,0.0,0.0,0.0,0.0,0.0,0.0,0.0,0.0,258.0,10.0,0.0,0.0,2026-09-28T12:57:44.123350+00:00,0.0
nats-io,nats-io,https://nats.io,https://nats.io/,2026-10-05T13:39:53.700080+00:00,200,0.0,0.0,0.0,0.0,0.0,0.0,1.0,0.0,0.0,1.0,5.0,721.0,149.0,5.0,5.0,2026-09-28T12:57:44.537712+00:00,0.0
neuml,neuml,https://neuml.com,https://neuml.com/,2026-10-05T13:39:53.794296+00:00,200,0.0,0.0,0.0,0.0,0.0,0.0,0.0,0.0,0.0,0.0,0.0,554.0,19.0,0.0,0.0,2026-09-28T12:57:44.423363+00:00,0.0
innate-inc,innate-inc,https://innate.bot,https://www.innate.bot/,2026-10-05T13:39:53.844790+00:00,200,0.0,0.0,0.0,1.0,0.0,0.0,1.0,0.0,0.0,2.0,15.0,630.0,27.0,15.0,15.0,2026-09-28T12:57:42.957907+00:00,0.0
namiml,namiml,https://www.nami.ml,https://www.nami.ml/,2026-10-05T13:39:53.863338+00:00,200,1.0,1.0,1.0,1.0,1.0,1.0,0.0,1.0,1.0,8.0,95.0,1251.0,92.0,95.0,95.0,2026-09-28T12:57:44.443347+00:00,0.0
naev,naev,https://codeberg.org/naev,https://codeberg.org/naev,2026-10-05T13:39:53.923464+00:00,200,0.0,0.0,0.0,0.0,0.0,0.0,1.0,0.0,0.0,1.0,5.0,544.0,127.0,5.0,5.0,2026-09-28T12:57:44.693797+00:00,0.0
oaknational,oaknational,https://www.thenational.academy,https://www.thenational.academy/,2026-10-05T13:39:54.060529+00:00,200,0.0,0.0,0.0,1.0,0.0,0.0,0.0,1.0,0.0,2.0,16.0,2057.0,379.0,16.0,16.0,2026-09-28T12:57:44.824684+00:00,0.0
ohcnetwork,ohcnetwork,https://ohc.network,https://ohc.network/,2026-10-05T13:39:54.126056+00:00,200,0.0,0.0,0.0,1.0,1.0,1.0,1.0,0.0,0.0,4.0,36.0,1385.0,64.0,36.0,36.0,2026-09-28T12:57:45.025579+00:00,0.0
odpi,odpi,https://lfaidata.foundation,https://lfaidata.foundation/,2026-10-05T13:39:54.174168+00:00,200,0.0,0.0,0.0,0.0,0.0,0.0,0.0,0.0,0.0,0.0,0.0,1034.0,112.0,0.0,0.0,2026-09-28T12:57:45.379124+00:00,0.0
nextcloud,nextcloud,https://nextcloud.com,https://nextcloud.com/,2026-10-05T13:39:54.315083+00:00,200,1.0,1.0,1.0,1.0,1.0,1.0,1.0,1.0,0.0,8.0,94.0,1681.0,176.0,94.0,94.0,2026-09-28T12:57:45.265881+00:00,0.0
onflow,onflow,https://flow.com,https://flow.com/,2026-10-05T13:39:54.348533+00:00,200,0.0,1.0,0.0,1.0,0.0,0.0,1.0,1.0,0.0,4.0,41.0,1121.0,95.0,41.0,41.0,2026-09-28T12:57:45.043430+00:00,0.0
o3de,o3de,https://o3de.org,https://o3de.org/,2026-10-05T13:39:54.370847+00:00,200,0.0,0.0,0.0,0.0,0.0,0.0,1.0,0.0,0.0,1.0,5.0,943.0,127.0,5.0,5.0,2026-09-28T12:57:45.127822+00:00,0.0
open-telemetry,open-telemetry,https://opentelemetry.io,https://opentelemetry.io/,2026-10-05T13:39:54.569105+00:00,200,0.0,1.0,0.0,0.0,0.0,1.0,1.0,0.0,0.0,3.0,34.0,445.0,66.0,34.0,34.0,2026-09-28T12:57:45.204231+00:00,0.0
opensearch-project,opensearch-project,https://opensearch.org,https://opensearch.org/,2026-10-05T13:39:54.592813+00:00,200,0.0,1.0,1.0,0.0,1.0,0.0,1.0,0.0,0.0,4.0,51.0,1113.0,199.0,51.0,51.0,2026-09-28T12:57:45.314422+00:00,0.0
opensensorhub,opensensorhub,http://www.opensensorhub.org,https://opensensorhub.org/,2026-10-05T13:39:54.699114+00:00,200,0.0,0.0,0.0,1.0,0.0,0.0,1.0,1.0,0.0,3.0,21.0,565.0,60.0,21.0,21.0,2026-09-28T12:57:45.631495+00:00,0.0
nmi-agro,nmi-agro,https://www.nmi-agro.nl,https://www.nmi-agro.nl/,2026-10-05T13:39:54.776030+00:00,200,0.0,0.0,0.0,0.0,0.0,0.0,0.0,0.0,0.0,0.0,0.0,454.0,67.0,0.0,0.0,2026-09-28T12:57:45.554032+00:00,0.0
orbitalindex,orbitalindex,https://orbitalindex.com,https://orbitalindex.com/,2026-10-05T13:39:54.863467+00:00,200,0.0,0.0,0.0,0.0,0.0,1.0,0.0,0.0,0.0,1.0,9.0,3227.0,196.0,9.0,9.0,2026-09-28T12:57:45.397790+00:00,0.0
opensource-socialnetwork,opensource-socialnetwork,https://www.opensource-socialnetwork.org,https://www.opensource-socialnetwork.org/,2026-10-05T13:39:54.974900+00:00,200,0.0,0.0,0.0,0.0,0.0,1.0,0.0,0.0,0.0,1.0,9.0,502.0,51.0,9.0,9.0,2026-09-28T12:57:45.876252+00:00,0.0
minthcm,minthcm,https://minthcm.org,https://minthcm.org/,2026-10-05T13:39:55.033554+00:00,200,0.0,0.0,0.0,0.0,0.0,0.0,0.0,0.0,0.0,0.0,0.0,1307.0,157.0,0.0,0.0,2026-09-28T12:57:45.544198+00:00,0.0
openlinker-project,openlinker-project,https://openlinker.io,https://openlinker.io/en/,2026-10-05T13:39:55.074949+00:00,200,1.0,0.0,1.0,0.0,1.0,1.0,1.0,1.0,0.0,6.0,64.0,1040.0,75.0,64.0,64.0,2026-09-28T12:57:46.049583+00:00,0.0
maize-tech,maize-tech,https://maize.io,https://www.maize.io:443/,2026-10-05T13:39:55.096094+00:00,200,0.0,1.0,0.0,0.0,0.0,1.0,0.0,0.0,0.0,2.0,29.0,891.0,118.0,29.0,29.0,2026-09-28T12:57:46.124861+00:00,0.0
ohs-foundation,ohs-foundation,https://ohs.foundation,https://ohs.foundation/,2026-10-05T13:39:55.145713+00:00,200,0.0,0.0,0.0,0.0,0.0,0.0,0.0,0.0,0.0,0.0,0.0,590.0,36.0,0.0,0.0,2026-09-28T12:57:46.037290+00:00,0.0
paradigmxyz,paradigmxyz,https://paradigm.xyz,https://www.paradigm.xyz/,2026-10-05T13:39:55.311323+00:00,200,0.0,0.0,0.0,1.0,0.0,0.0,0.0,0.0,0.0,1.0,10.0,64.0,21.0,10.0,10.0,2026-09-28T12:57:45.990042+00:00,0.0
oxylabs,oxylabs,https://oxylabs.io,https://oxylabs.io/,2026-10-05T13:39:55.393135+00:00,200,1.0,1.0,0.0,0.0,1.0,1.0,1.0,1.0,1.0,7.0,76.0,2280.0,254.0,76.0,76.0,2026-09-28T12:57:45.792378+00:00,0.0
phase-rs,phase-rs,https://preview.phase-rs.dev,https://preview.phase-rs.dev/,2026-10-05T13:39:55.466955+00:00,200,0.0,0.0,0.0,0.0,0.0,0.0,0.0,0.0,0.0,0.0,0.0,1.0,0.0,0.0,0.0,2026-09-28T12:57:46.155384+00:00,0.0
otter-sec,otter-sec,https://osec.io,https://osec.io/,2026-10-05T13:39:55.681924+00:00,200,0.0,1.0,0.0,1.0,0.0,1.0,0.0,0.0,0.0,3.0,39.0,940.0,117.0,39.0,39.0,2026-09-28T12:57:46.343175+00:00,0.0
osunyorg,osunyorg,https://www.osuny.org,https://www.osuny.org/,2026-10-05T13:39:55.739338+00:00,200,0.0,0.0,0.0,0.0,0.0,0.0,1.0,0.0,0.0,1.0,5.0,593.0,108.0,5.0,5.0,2026-09-28T12:57:46.370235+00:00,0.0
polarsource,polarsource,https://polar.sh,https://polar.sh/,2026-10-05T13:39:55.859778+00:00,200,1.0,1.0,0.0,0.0,0.0,0.0,1.0,1.0,1.0,5.0,55.0,757.0,51.0,55.0,55.0,2026-09-28T12:57:46.273282+00:00,0.0
pneumaticapp,pneumaticapp,https://www.pneumatic.app,https://www.pneumatic.app/,2026-10-05T13:39:55.907214+00:00,200,1.0,1.0,0.0,0.0,1.0,1.0,1.0,1.0,0.0,6.0,70.0,1187.0,68.0,70.0,70.0,2026-09-28T12:57:46.400958+00:00,0.0
pactflow,pactflow,https://pactflow.io,https://pactflow.io/,2026-10-05T13:39:56.210005+00:00,200,1.0,1.0,0.0,1.0,1.0,0.0,1.0,1.0,1.0,7.0,77.0,717.0,71.0,77.0,77.0,2026-09-28T12:57:46.612629+00:00,0.0
pluginsGLPI,pluginsglpi,http://plugins.glpi-project.org,https://plugins.glpi-project.org/,2026-10-05T13:39:56.243346+00:00,200,0.0,0.0,0.0,0.0,0.0,0.0,0.0,0.0,0.0,0.0,0.0,22.0,2.0,0.0,0.0,2026-09-28T12:57:46.850477+00:00,0.0
pyck-ai,pyck-ai,https://pyck.ai,https://pyck.ai/,2026-10-05T13:39:56.356372+00:00,200,1.0,1.0,0.0,1.0,1.0,0.0,1.0,1.0,0.0,6.0,71.0,2894.0,71.0,71.0,71.0,2026-09-28T12:57:47.444010+00:00,0.0
redpanda-data,redpanda-data,https://redpanda.com,https://www.redpanda.com/,2026-10-05T13:39:56.581960+00:00,200,0.0,1.0,0.0,1.0,1.0,0.0,1.0,0.0,1.0,5.0,53.0,885.0,96.0,53.0,53.0,2026-09-28T12:57:46.880870+00:00,0.0
reductstore,reductstore,https://www.reduct.store,https://www.reduct.store/,2026-10-05T13:39:56.785437+00:00,200,1.0,1.0,0.0,0.0,0.0,1.0,1.0,0.0,0.0,4.0,52.0,1410.0,68.0,52.0,52.0,2026-09-28T12:57:46.991553+00:00,0.0
pysnippet,pysnippet,https://pysnippet.org,https://pysnippet.org/,2026-10-05T13:39:56.789750+00:00,200,0.0,0.0,0.0,0.0,0.0,0.0,0.0,0.0,0.0,0.0,0.0,192.0,19.0,0.0,0.0,2026-09-28T12:57:47.013163+00:00,0.0
rapidez,rapidez,https://rapidez.io,https://rapidez.io/,2026-10-05T13:39:56.801680+00:00,200,0.0,0.0,0.0,0.0,0.0,0.0,1.0,0.0,0.0,1.0,5.0,671.0,67.0,5.0,5.0,2026-09-28T12:57:46.958795+00:00,0.0
phamos-eu,phamos-eu,https://phamos.eu,https://phamos.eu/home,2026-10-05T13:39:56.854342+00:00,200,1.0,0.0,0.0,1.0,0.0,0.0,0.0,0.0,0.0,2.0,28.0,335.0,48.0,28.0,28.0,2026-09-28T12:57:47.084998+00:00,0.0
qualcomm,qualcomm,https://qualcomm.com/developer,https://www.qualcomm.com/developer,2026-10-05T13:39:56.921667+00:00,200,0.0,0.0,0.0,0.0,0.0,0.0,0.0,0.0,0.0,0.0,0.0,3.0,0.0,0.0,0.0,2026-09-28T12:57:46.856583+00:00,0.0
phoenixctms,phoenixctms,https://www.phoenixctms.org,https://www.phoenixctms.org/,2026-10-05T13:39:56.947459+00:00,200,0.0,0.0,0.0,0.0,0.0,0.0,0.0,1.0,0.0,1.0,6.0,334.0,41.0,6.0,6.0,2026-09-28T12:57:47.546750+00:00,0.0
rocketride-org,rocketride-org,https://rocketride.org,https://rocketride.org/,2026-10-05T13:39:57.010500+00:00,200,0.0,0.0,0.0,0.0,0.0,1.0,1.0,0.0,0.0,2.0,14.0,1734.0,46.0,14.0,14.0,2026-09-28T12:57:47.201748+00:00,0.0
rocky-data,rocky-data,https://rocky-data.dev,https://rocky-data.dev/,2026-10-05T13:39:57.064221+00:00,200,0.0,0.0,0.0,0.0,0.0,0.0,1.0,0.0,0.0,1.0,5.0,811.0,17.0,5.0,5.0,2026-09-28T12:57:47.318921+00:00,0.0
rive-app,rive-app,https://rive.app,https://rive.app/,2026-10-05T13:39:57.105749+00:00,200,1.0,1.0,0.0,1.0,0.0,1.0,1.0,1.0,0.0,6.0,68.0,1079.0,148.0,68.0,68.0,2026-09-28T12:57:47.310145+00:00,0.0
ros-navigation,ros-navigation,https://nav2.org,https://nav2.org/,2026-10-05T13:39:57.123417+00:00,200,0.0,0.0,0.0,0.0,0.0,1.0,1.0,0.0,0.0,2.0,14.0,522.0,50.0,14.0,14.0,2026-09-28T12:57:47.385302+00:00,0.0
rerun-io,rerun-io,https://www.rerun.io,https://rerun.io/,2026-10-05T13:39:57.179715+00:00,200,1.0,0.0,0.0,1.0,0.0,0.0,1.0,0.0,0.0,3.0,33.0,1455.0,95.0,33.0,33.0,2026-09-28T12:57:47.374196+00:00,0.0
rspace-os,rspace-os,https://www.researchspace.com,https://www.researchspace.com/,2026-10-05T13:39:57.268589+00:00,200,1.0,1.0,0.0,1.0,1.0,1.0,1.0,1.0,0.0,7.0,80.0,436.0,66.0,80.0,80.0,2026-09-28T12:57:47.610553+00:00,0.0
rudderlabs,rudderlabs,https://www.rudderstack.com,https://www.rudderstack.com/,2026-10-05T13:39:57.355318+00:00,200,1.0,1.0,0.0,1.0,1.0,1.0,1.0,1.0,1.0,8.0,86.0,1331.0,56.0,86.0,86.0,2026-09-28T12:57:47.754950+00:00,0.0
sablier-labs,sablier-labs,https://sablier.com,https://sablier.com/,2026-10-05T13:39:57.581795+00:00,200,1.0,0.0,0.0,0.0,0.0,0.0,1.0,0.0,0.0,2.0,23.0,667.0,92.0,23.0,23.0,2026-09-28T12:57:48.605714+00:00,0.0
relizaio,relizaio,http://reliza.io,https://reliza.io/,2026-10-05T13:39:57.604458+00:00,200,0.0,0.0,0.0,0.0,0.0,0.0,0.0,0.0,1.0,1.0,6.0,463.0,61.0,6.0,6.0,2026-09-28T12:57:47.982142+00:00,0.0
relaticle,relaticle,https://relaticle.com,https://relaticle.com/,2026-10-05T13:39:57.725196+00:00,200,1.0,0.0,0.0,0.0,1.0,0.0,1.0,1.0,0.0,4.0,41.0,1489.0,73.0,41.0,32.0,2026-09-28T12:57:47.935291+00:00,9.0
ryzom,ryzom,https://wiki.ryzom.dev,https://wiki.ryzom.dev/,2026-10-05T13:39:57.734120+00:00,200,0.0,0.0,0.0,0.0,0.0,0.0,0.0,1.0,0.0,1.0,6.0,375.0,46.0,6.0,6.0,2026-09-28T12:57:47.995354+00:00,0.0
sapic,sapic,https://steam.design,https://steam.design/,2026-10-05T13:39:57.797071+00:00,200,0.0,0.0,0.0,0.0,0.0,0.0,0.0,0.0,0.0,0.0,0.0,1.0,0.0,0.0,0.0,2026-09-28T12:57:48.062247+00:00,0.0
scribe-org,scribe-org,https://scri.be,https://scri.be/,2026-10-05T13:39:57.841160+00:00,200,0.0,0.0,0.0,0.0,0.0,0.0,0.0,0.0,0.0,0.0,0.0,1.0,0.0,0.0,0.0,2026-09-28T12:57:48.719570+00:00,0.0
goodrain,goodrain,https://www.rainbond.com,https://www.rainbond.com/,2026-10-05T13:39:58.005106+00:00,200,0.0,0.0,1.0,0.0,0.0,0.0,1.0,0.0,0.0,2.0,19.0,233.0,33.0,19.0,19.0,2026-09-28T12:57:44.731946+00:00,0.0
saleor,saleor,https://saleor.io,https://saleor.io/,2026-10-05T13:39:58.072923+00:00,200,1.0,1.0,0.0,1.0,1.0,1.0,1.0,1.0,0.0,7.0,80.0,1440.0,83.0,80.0,80.0,2026-09-28T12:57:49.032272+00:00,0.0
solana-foundation,solana-foundation,https://solana.org,https://solana.org/,2026-10-05T13:39:58.116477+00:00,200,0.0,0.0,0.0,1.0,0.0,0.0,1.0,0.0,0.0,2.0,15.0,213.0,14.0,15.0,15.0,2026-09-28T12:57:48.739969+00:00,0.0
simpledotorg,simpledotorg,https://simple.org,https://www.simple.org/,2026-10-05T13:39:58.147711+00:00,200,0.0,0.0,0.0,0.0,0.0,0.0,1.0,0.0,0.0,1.0,5.0,452.0,25.0,5.0,5.0,2026-09-28T12:57:48.517664+00:00,0.0
securitybunker,securitybunker,https://databunker.org,https://databunker.org/,2026-10-05T13:39:58.164154+00:00,200,1.0,0.0,0.0,0.0,1.0,0.0,1.0,1.0,1.0,5.0,47.0,1077.0,47.0,47.0,47.0,2026-09-28T12:57:48.626764+00:00,0.0
solidusio,solidusio,https://solidus.io,https://solidus.io/,2026-10-05T13:39:58.276462+00:00,200,0.0,0.0,1.0,0.0,1.0,1.0,0.0,0.0,0.0,3.0,35.0,445.0,49.0,35.0,35.0,2026-09-28T12:57:48.838211+00:00,0.0
spectrocloud,spectrocloud,https://www.spectrocloud.com,https://www.spectrocloud.com/,2026-10-05T13:39:58.346818+00:00,200,0.0,1.0,0.0,1.0,1.0,1.0,1.0,1.0,1.0,7.0,68.0,2289.0,140.0,68.0,68.0,2026-09-28T12:57:48.896165+00:00,0.0
skybrush-io,skybrush-io,https://skybrush.io,https://skybrush.io/,2026-10-05T13:39:58.355259+00:00,200,0.0,0.0,0.0,0.0,0.0,0.0,1.0,0.0,0.0,1.0,5.0,416.0,83.0,5.0,5.0,2026-09-28T12:57:48.587716+00:00,0.0
saas-js,saas-js,https://www.saas-ui.dev,https://saas-ui.dev/,2026-10-05T13:39:58.373232+00:00,200,1.0,0.0,0.0,0.0,0.0,1.0,1.0,0.0,0.0,3.0,32.0,995.0,28.0,32.0,32.0,2026-09-28T12:57:49.145223+00:00,0.0
space-wizards,space-wizards,https://spacestation14.com,https://spacestation14.com/,2026-10-05T13:39:58.382404+00:00,200,0.0,0.0,0.0,0.0,0.0,0.0,1.0,1.0,0.0,2.0,11.0,542.0,41.0,11.0,11.0,2026-09-28T12:57:48.869207+00:00,0.0
starwards,starwards,https://blog.starwards.space,https://blog.starwards.space/,2026-10-05T13:39:58.471110+00:00,200,0.0,0.0,0.0,0.0,0.0,0.0,0.0,0.0,0.0,0.0,0.0,316.0,36.0,0.0,0.0,2026-09-28T12:57:49.098938+00:00,0.0
stella,stella,https://stll.app,https://stll.app/,2026-10-05T13:39:58.520711+00:00,200,0.0,0.0,0.0,0.0,1.0,0.0,1.0,1.0,0.0,3.0,23.0,1005.0,128.0,23.0,23.0,2026-09-28T12:57:49.715450+00:00,0.0
sonic-pi-net,sonic-pi-net,https://sonic-pi.net,https://sonic-pi.net/,2026-10-05T13:39:58.630368+00:00,200,0.0,0.0,0.0,0.0,0.0,0.0,0.0,0.0,0.0,0.0,0.0,1079.0,57.0,0.0,0.0,2026-09-28T12:57:49.360847+00:00,0.0
status-im,status-im,https://status.app,https://status.app/,2026-10-05T13:39:58.663864+00:00,200,0.0,0.0,0.0,1.0,1.0,0.0,0.0,0.0,0.0,2.0,22.0,743.0,142.0,22.0,22.0,2026-09-28T12:57:49.179092+00:00,0.0
subsquid,subsquid,https://sqd.dev,https://sqd.dev/,2026-10-05T13:39:58.712966+00:00,200,1.0,1.0,1.0,0.0,0.0,0.0,1.0,0.0,1.0,5.0,63.0,2072.0,184.0,63.0,63.0,2026-09-28T12:57:49.329739+00:00,0.0
speedyapply,speedyapply,https://speedyapply.com,https://www.speedyapply.com/,2026-10-05T13:39:58.755035+00:00,200,0.0,0.0,0.0,1.0,0.0,0.0,1.0,1.0,0.0,3.0,21.0,1270.0,44.0,21.0,21.0,2026-09-28T12:57:49.372059+00:00,0.0
stereolabs,stereolabs,https://stereolabs.com,https://www.stereolabs.com/,2026-10-05T13:39:58.907052+00:00,200,0.0,1.0,0.0,1.0,0.0,1.0,1.0,0.0,0.0,4.0,44.0,1375.0,156.0,44.0,44.0,2026-09-28T12:57:49.475846+00:00,0.0
superlinked,superlinked,https://superlinked.com,https://superlinked.com/,2026-10-05T13:39:58.935882+00:00,200,0.0,0.0,0.0,1.0,1.0,1.0,1.0,0.0,0.0,4.0,36.0,1215.0,85.0,36.0,36.0,2026-09-28T12:57:49.392011+00:00,0.0
rt-net,rt-net,https://rt-net.jp,https://rt-net.jp/,2026-10-05T13:39:58.969532+00:00,200,0.0,0.0,0.0,0.0,0.0,0.0,0.0,0.0,0.0,0.0,0.0,218.0,98.0,0.0,0.0,2026-09-28T12:57:49.195282+00:00,0.0
sunlabuiuc,sunlabuiuc,http://sunlab.org,https://www.sunlab.org/,2026-10-05T13:39:58.979388+00:00,200,0.0,0.0,0.0,0.0,0.0,0.0,1.0,0.0,0.0,1.0,5.0,828.0,65.0,5.0,5.0,2026-09-28T12:57:49.953707+00:00,0.0
tempoxyz,tempoxyz,https://tempo.xyz,https://tempo.xyz/,2026-10-05T13:39:59.028078+00:00,200,0.0,1.0,0.0,1.0,0.0,0.0,1.0,0.0,0.0,3.0,35.0,461.0,68.0,35.0,35.0,2026-09-28T12:57:49.499771+00:00,0.0
the-momentum,the-momentum,https://www.themomentum.ai,https://www.themomentum.ai/,2026-10-05T13:39:59.125044+00:00,200,0.0,1.0,0.0,1.0,1.0,1.0,0.0,1.0,0.0,5.0,57.0,2155.0,152.0,57.0,57.0,2026-09-28T12:57:49.658729+00:00,0.0
ondata,ondata,http://ondata.it,https://www.ondata.it/,2026-10-05T13:39:59.144393+00:00,200,0.0,0.0,0.0,0.0,0.0,0.0,0.0,0.0,0.0,0.0,0.0,890.0,98.0,0.0,0.0,2026-09-28T12:57:49.490241+00:00,0.0
tradingstrategy-ai,tradingstrategy-ai,https://tradingstrategy.ai,https://tradingstrategy.ai/,2026-10-05T13:39:59.254362+00:00,200,1.0,0.0,0.0,0.0,0.0,0.0,0.0,0.0,0.0,1.0,18.0,559.0,68.0,18.0,18.0,2026-09-28T12:57:49.995244+00:00,0.0
thunder-engine,thunder-engine,https://thunderengine.org,https://thunderengine.org/,2026-10-05T13:39:59.259705+00:00,200,0.0,0.0,0.0,0.0,0.0,0.0,1.0,0.0,0.0,1.0,5.0,497.0,19.0,5.0,5.0,2026-09-28T12:57:49.863715+00:00,0.0
third-culture-software,third-culture-software,https://blog.thirdculturesoftware.com,https://blog.thirdculturesoftware.com/,2026-10-05T13:39:59.393885+00:00,200,0.0,0.0,0.0,0.0,0.0,0.0,0.0,1.0,0.0,1.0,6.0,707.0,18.0,6.0,6.0,2026-09-28T12:57:49.859058+00:00,0.0
swellstores,swellstores,https://swell.is,https://www.swell.is/,2026-10-05T13:39:59.410117+00:00,200,1.0,1.0,0.0,0.0,0.0,1.0,1.0,1.0,0.0,5.0,58.0,1095.0,90.0,58.0,58.0,2026-09-28T12:57:49.942866+00:00,0.0
temporalio,temporalio,https://temporal.io,https://temporal.io/,2026-10-05T13:39:59.467223+00:00,200,1.0,1.0,0.0,1.0,1.0,0.0,1.0,1.0,1.0,7.0,77.0,956.0,84.0,77.0,77.0,2026-09-28T12:57:49.980444+00:00,0.0
tuva-health,tuva-health,http://thetuvaproject.com,https://thetuvaproject.com/,2026-10-05T13:39:59.608281+00:00,200,0.0,1.0,0.0,0.0,0.0,0.0,0.0,0.0,1.0,2.0,26.0,634.0,67.0,26.0,26.0,2026-09-28T12:57:50.424744+00:00,0.0
towardsai,towardsai,https://towardsai.net,https://towardsai.com/,2026-10-05T13:39:59.655660+00:00,200,0.0,1.0,1.0,1.0,0.0,0.0,0.0,0.0,0.0,3.0,44.0,1400.0,81.0,44.0,44.0,2026-09-28T12:57:50.211146+00:00,0.0
trustwallet,trustwallet,https://trustwallet.com,https://trustwallet.com/,2026-10-05T13:39:59.729537+00:00,200,0.0,0.0,0.0,1.0,1.0,0.0,1.0,0.0,0.0,3.0,27.0,773.0,93.0,27.0,27.0,2026-09-28T12:57:50.187459+00:00,0.0
unacms,unacms,https://unacms.com,https://unacms.com/,2026-10-05T13:39:59.796022+00:00,200,1.0,0.0,0.0,0.0,0.0,1.0,1.0,1.0,1.0,5.0,44.0,676.0,13.0,44.0,39.0,2026-09-28T12:57:50.280217+00:00,5.0
trovu,trovu,https://trovu.net,https://trovu.net/,2026-10-05T13:39:59.802800+00:00,200,0.0,0.0,0.0,0.0,0.0,0.0,1.0,0.0,0.0,1.0,5.0,324.0,53.0,5.0,5.0,2026-09-28T12:57:50.571726+00:00,0.0
thirtybees,thirtybees,https://thirtybees.com,https://thirtybees.com/,2026-10-05T13:39:59.826577+00:00,200,0.0,0.0,0.0,0.0,0.0,1.0,1.0,1.0,0.0,3.0,20.0,625.0,93.0,20.0,20.0,2026-09-28T12:57:50.557712+00:00,0.0
tutors-sdk,tutors-sdk,https://tutors.dev,https://tutors.dev/,2026-10-05T13:39:59.869986+00:00,200,0.0,0.0,0.0,0.0,0.0,0.0,0.0,0.0,0.0,0.0,0.0,0.0,0.0,0.0,0.0,2026-09-28T12:57:50.468454+00:00,0.0
spedas,spedas,https://www.spedas.org,https://spedas.org/blog/,2026-10-05T13:39:59.881309+00:00,200,0.0,0.0,0.0,0.0,0.0,0.0,0.0,0.0,0.0,0.0,0.0,215.0,31.0,0.0,0.0,2026-09-28T12:57:50.514290+00:00,0.0
ucpu,ucpu,https://ucpu.cz,https://ucpu.cz/,2026-10-05T13:40:00.091710+00:00,200,0.0,0.0,0.0,0.0,0.0,0.0,0.0,0.0,0.0,0.0,0.0,2.0,0.0,0.0,0.0,2026-09-28T12:57:50.683210+00:00,0.0
wasp-lang,wasp-lang,https://wasp.sh,https://wasp.sh/,2026-10-05T13:40:00.109299+00:00,200,1.0,0.0,0.0,1.0,0.0,0.0,1.0,1.0,0.0,4.0,39.0,5201.0,101.0,39.0,39.0,2026-09-28T12:57:50.906460+00:00,0.0
vanilophp,vanilophp,https://vanilo.io,https://vanilo.io/,2026-10-05T13:40:00.114323+00:00,200,0.0,1.0,0.0,0.0,0.0,0.0,1.0,0.0,0.0,2.0,25.0,294.0,31.0,25.0,25.0,2026-09-28T12:57:50.601660+00:00,0.0
vendurehq,vendurehq,https://vendure.io,https://vendure.io/,2026-10-05T13:40:00.214149+00:00,200,1.0,1.0,0.0,1.0,0.0,1.0,1.0,0.0,0.0,5.0,62.0,1340.0,93.0,62.0,62.0,2026-09-28T12:57:50.661066+00:00,0.0
usertour,usertour,https://usertour.io,https://www.usertour.io/,2026-10-05T13:40:00.240882+00:00,200,1.0,0.0,0.0,0.0,0.0,0.0,1.0,1.0,0.0,3.0,29.0,819.0,39.0,29.0,29.0,2026-09-28T12:57:50.942304+00:00,0.0
zenstackhq,zenstackhq,https://zenstack.dev,https://zenstack.dev/,2026-10-05T13:40:00.369541+00:00,200,0.0,0.0,0.0,0.0,0.0,1.0,1.0,0.0,0.0,2.0,14.0,794.0,31.0,14.0,14.0,2026-09-28T12:57:51.073582+00:00,0.0
wevm,wevm,https://wevm.dev,https://wevm.dev/,2026-10-05T13:40:00.442530+00:00,200,0.0,0.0,0.0,0.0,0.0,0.0,0.0,0.0,0.0,0.0,0.0,138.0,50.0,0.0,0.0,2026-09-28T12:57:51.092297+00:00,0.0
ut-issl,ut-issl,https://www.space.t.u-tokyo.ac.jp,https://www.space.t.u-tokyo.ac.jp/,2026-10-05T13:40:00.450842+00:00,200,0.0,0.0,0.0,0.0,0.0,0.0,0.0,0.0,0.0,0.0,0.0,149.0,22.0,0.0,0.0,2026-09-28T12:57:51.325046+00:00,0.0
vuestorefront,vuestorefront,https://www.alokai.com,https://alokai.com/,2026-10-05T13:40:00.479462+00:00,200,1.0,1.0,1.0,1.0,0.0,1.0,1.0,1.0,1.0,8.0,88.0,1184.0,114.0,88.0,88.0,2026-09-28T12:57:51.117124+00:00,0.0
zapplyjobs,zapplyjobs,https://zapply.jobs,https://zapply.jobs/,2026-10-05T13:40:00.583912+00:00,200,0.0,0.0,0.0,1.0,0.0,0.0,0.0,0.0,0.0,1.0,10.0,910.0,33.0,10.0,10.0,2026-09-28T12:57:51.083413+00:00,0.0
wp-erp,wp-erp,https://wperp.com,https://wperp.com/,2026-10-05T13:40:01.694839+00:00,200,1.0,0.0,0.0,0.0,0.0,1.0,0.0,1.0,1.0,4.0,39.0,1589.0,79.0,39.0,39.0,2026-09-28T12:57:52.599332+00:00,0.0
