name,startup_key,website_url,status,detail
7-Blocks,7-blocks,,no_website,
Balatro-Multiplayer,balatro-multiplayer,,no_website,
Cla-Code-Community,cla-code-community,,no_website,
AleksNeStu,aleksnestu,,no_website,
CarbonScribe,carbonscribe,,no_website,
3D-Vision-World,3d-vision-world,,no_website,
Black-Tek,black-tek,,no_website,
ChainSafe,chainsafe,https://chainsafe.io,ok,https://chainsafe.io/
BuilderIO,builderio,https://builder.io,ok,https://www.builder.io/
ClickHouse,clickhouse,https://clickhouse.com,ok,https://clickhouse.com/
BLB3DPrinting,blb3dprinting,https://blb3dprinting.com,ok,https://blb3dprinting.com/
AbsaOSS,absaoss,https://www.absa.co.za,ok,https://www.absa.co.za/personal/
CelestiaProject,celestiaproject,https://celestiaproject.space,ok,https://celestiaproject.space/
Adyen,adyen,https://adyen.com,ok,https://www.adyen.com/
ConduitIO,conduitio,https://conduit.io,error,"HTTPSConnectionPool(host='conduit.io', port=443): Max retries exceeded with url: / (Caused by NewConnectionError(""HTTPSConnection(host='conduit.io', port=443): Failed to establish a new connection: [Errno 111] Connection refused""))"
DaedalusDock,daedalusdock,https://daedalus13.net,ok,https://daedalus13.net/
AdguardTeam,adguardteam,https://adguard.com,ok,https://adguard.com/en/welcome.html
DataSQRL,datasqrl,http://www.datasqrl.com,ok,https://www.datasqrl.com/
EBWiki,ebwiki,,no_website,
CosmWasm,cosmwasm,https://cosmwasm.com,ok,https://cosmwasm.com/
DSACMS,dsacms,https://cms.gov/digital-service/open-source-program-office,ok,https://www.cms.gov/digital-service/open-source-program-office
Fields2Cover,fields2cover,,no_website,
Flexxbotics,flexxbotics,,no_website,
Consensys,consensys,https://www.consensys.io,ok,https://consensys.io/
FreedomIntelligence,freedomintelligence,,no_website,
Epic-Breakfast-Productions,epic-breakfast-productions,http://epic-breakfast-productions.tech,ok,https://epic-breakfast-productions.tech/
BIRU-Scop,biru-scop,https://biru.sh,ok,https://biru.sh/en/
Far-Beyond-Pulsar,far-beyond-pulsar,https://pulsarnative.com,ok,https://pulsarnative.com/
CCSDSPy,ccsdspy,http://ccsdspy.org,ok,https://docs.ccsdspy.org/en/latest/
HasteHealth,hastehealth,,no_website,
GetStream,getstream,https://getstream.io,ok,https://getstream.io/
Association-DataRing,association-dataring,https://www.data-ring.net,ok,https://www.data-ring.net/
DimensionDev,dimensiondev,https://dimension.im,ok,https://dimension.im/
DoliCloud,dolicloud,https://www.dolicloud.com,ok,https://www.dolicloud.com/
InvadingOctopus,invadingoctopus,,no_website,
IEEE-VIT,ieee-vit,https://ieeevit.org,ok,https://ieeevit.org/
HeliosSoftware,heliossoftware,https://heliossoftware.com,ok,https://heliossoftware.com/
KyrptonaughtMC,kyrptonaughtmc,,no_website,
Grashjs,grashjs,https://atlas-cmms.com,ok,https://atlas-cmms.com/
FyroxEngine,fyroxengine,https://fyrox.rs,ok,https://fyrox.rs/
L5lua,l5lua,https://l5lua.org,ok,https://l5lua.org/
LiteFarmOrg,litefarmorg,,no_website,
ARPA-SIMC,arpa-simc,https://www.arpae.it/it/temi-ambientali/meteo/cosa-fa-arpae-meteo,ok,https://www.arpae.it/it/temi-ambientali/meteo/cosa-fa-arpae-meteo
FoodOntology,foodontology,http://foodon.org,ok,https://foodon.org/
Mininglamp-OSS,mininglamp-oss,https://github.com/Mininglamp-OSS,excluded_non_company_host,https://github.com/Mininglamp-OSS
MothCocoon,mothcocoon,,no_website,
Lifecycle-Innovations-Limited,lifecycle-innovations-limited,https://www.healify.ai,ok,https://www.healify.ai/
HopHubProject,hophubproject,https://hophub.xyz,ok,https://hophub.xyz/
LacledesLAN,lacledeslan,https://lacledeslan.com,ok,https://lacledeslan.com/
NBlood,nblood,,no_website,
MahoCommerce,mahocommerce,https://mahocommerce.com,ok,https://mahocommerce.com/
HCW-home,hcw-home,https://hcw-at-home.com,ok,https://hcw-at-home.com/
KDE,kde,https://kde.org,ok,https://kde.org/
Mountea-Framework,mountea-framework,https://mountea.tools,ok,https://mountea.tools/
Open-Cap-Table-Coalition,open-cap-table-coalition,,no_website,
MystenLabs,mystenlabs,https://mystenlabs.com,ok,https://www.mystenlabs.com/
OpenC3,openc3,,no_website,
ClassIsland,classisland,https://classisland.tech,ok,https://www.classisland.tech/
NethermindEth,nethermindeth,https://nethermind.io,ok,https://www.nethermind.io/
Open-Cap-Stack,open-cap-stack,https://opencapstack.com,ok,https://opencapstack.com/
NASA-AMMOS,nasa-ammos,https://ammos.nasa.gov,ok,https://ammos.nasa.gov/
OpenSCvx,openscvx,,no_website,
OpenCircuits,opencircuits,https://opencircuits.io,ok,https://opencircuits.io/
Official-MoonDao,official-moondao,https://moondao.com,ok,https://www.moondao.com/
KyberNetwork,kybernetwork,http://kyber.network,ok,https://kyber.network/
PackRat-AI,packrat-ai,,no_website,
IntersectMBO,intersectmbo,https://www.intersectmbo.org,ok,https://www.intersectmbo.org/
Part-DB,part-db,,no_website,
ParabolInc,parabolinc,https://www.parabol.co,ok,https://www.parabol.co/
MOVACT,movact,https://movact.de,ok,https://www.movact.de/
OpnForm,opnform,https://opnform.com,ok,https://opnform.com/
Paymenter,paymenter,https://paymenter.org,ok,https://paymenter.org/
OpenCyphal,opencyphal,http://opencyphal.org,ok,https://opencyphal.org/
PostHog,posthog,https://posthog.com,ok,https://posthog.com/
Project-AgML,project-agml,,no_website,
Point72,point72,https://point72.com,ok,https://point72.com/
PastVu,pastvu,https://pastvu.com,ok,https://pastvu.com/
PCGEx,pcgex,https://pcgex.gitbook.io/pcgex/,ok,https://pcgex.gitbook.io/pcgex
PyVRP,pyvrp,https://pyvrp.org,ok,https://pyvrp.org/
Payroll-Engine,payroll-engine,https://payrollengine.org,ok,https://payrollengine.org/
Realistic-Farming,realistic-farming,,no_website,
Qloapps,qloapps,https://qloapps.com,ok,https://qloapps.com/
PurrNet,purrnet,https://purrnet.dev,ok,https://purrnet.dev/
OpenByteInc,openbyteinc,https://www.quantdinger.com,ok,https://www.quantdinger.com/
QuartermindGames,quartermindgames,https://quartermind.com,ok,https://quartermind.com/
RocketPy-Team,rocketpy-team,https://rocketpy.org,ok,https://rocketpy-team.github.io/
RouteVN,routevn,https://routevn.com,ok,https://routevn.com/
SigNoz,signoz,https://signoz.io,ok,https://signoz.io/
SeismicSystems,seismicsystems,https://seismic.systems,ok,https://www.seismic.systems/
StudyDrift,studydrift,,no_website,
RBND-studio,rbnd-studio,https://rbnd.studio,ok,https://rbnd.studio/
SFDigitalServices,sfdigitalservices,https://sf.gov/departments/city-administrator/digital-services,ok,https://www.sf.gov/departments/city-administrator/digital-services
StanfordSpezi,stanfordspezi,https://spezi.stanford.edu,ok,https://spezi.stanford.edu/
The-Mu-Foundation,the-mu-foundation,https://www.mutorials.org,error,403 Client Error: Forbidden for url: https://mutorials.org/
TheVessels,thevessels,,no_website,
Submitty,submitty,http://submitty.org,ok,https://submitty.org/
TrianaLab,trianalab,,no_website,
SatDump,satdump,https://satdump.org,ok,https://www.satdump.org/
Vacademy-io,vacademy-io,,no_website,
RoboDojo-Benchmark,robodojo-benchmark,https://robodojo-benchmark.com,ok,https://robodojo-benchmark.com/
VismaLietuva,vismalietuva,,no_website,
PhotoFlare,photoflare,http://www.photoflare.io,ok,https://photoflare.io/
WebODM,webodm,https://webodm.org,ok,https://webodm.org/
UltiMafia,ultimafia,https://www.ultimafia.com,error,"HTTPSConnectionPool(host='www.ultimafia.com', port=443): Max retries exceeded with url: / (Caused by SSLError(SSLCertVerificationError(1, ""[SSL: CERTIFICATE_VERIFY_FAILED] certificate verify failed: Hostname mismatch, certificate is not valid for 'www.ultimafia.com'. (_ssl.c:1010)"")))"
XMUDeepLIT,xmudeeplit,,no_website,
OpenZeppelin,openzeppelin,https://openzeppelin.com,ok,https://www.openzeppelin.com/
OpenCSGs,opencsgs,https://www.opencsg.com,error,404 Client Error: Not Found for url: https://www.opencsg.com/
Zipstack,zipstack,,no_website,
WillowInc,willowinc,https://willowinc.com,ok,https://willowinc.com/
Yellow-Dog-Man,yellow-dog-man,https://yellowdogman.com,ok,https://yellowdogman.com/
aelassas,aelassas,,no_website,
ahacker-1,ahacker-1,,no_website,
Velocidex,velocidex,https://www.velocidex.com,ok,https://www.velocidex.com/
Synapsr,synapsr,https://synapsr.io,ok,https://synapsr.io/
ZemerTeam,zemerteam,https://zemer.io,ok,https://zemer.io/
OCSInventory-NG,ocsinventory-ng,http://www.ocsinventory-ng.org,ok,https://ocsinventory-ng.org/?lang=fr
alloy-rs,alloy-rs,https://www.paradigm.xyz/oss/alloy,ok,https://www.paradigm.xyz/oss/alloy
XCO-Agency,xco-agency,https://xco.agency,ok,https://xco.agency/
accordproject,accordproject,https://www.accordproject.org,ok,https://accordproject.org/
airbytehq,airbytehq,https://airbyte.io,ok,https://airbyte.com/
TaloDev,talodev,https://trytalo.com,ok,https://trytalo.com/
aptos-labs,aptos-labs,https://aptoslabs.com,ok,https://aptoslabs.com/
OpenOLAT,openolat,https://www.openolat.org,ok,https://www.openolat.com/
activist-org,activist-org,https://activist.org,ok,https://activist.org/
ar-io,ar-io,https://ar.io,ok,https://ar.io/
ai-shifu,ai-shifu,https://ai-shifu.com,ok,https://ai-shifu.com/
aureuserp,aureuserp,https://aureuserp.com,ok,https://aureuserp.com/
argotorg,argotorg,https://argot.org,ok,https://www.argot.org/
axone-protocol,axone-protocol,https://axone.xyz,ok,https://axone.xyz/
bagisto,bagisto,https://bagisto.com,ok,https://bagisto.com/en/
besu-eth,besu-eth,,no_website,
bevyengine,bevyengine,https://bevy.org,ok,https://bevy.org/
aws-samples,aws-samples,https://amazon.com/aws,ok,https://aws.amazon.com/getting-started/?sc_channel=BA
aphp,aphp,https://www.aphp.fr,ok,https://www.aphp.fr/
bakaphp,bakaphp,https://kanvas.dev,ok,https://kanvas.dev/
atrocore,atrocore,https://www.atrocore.com,ok,https://www.atrocore.com/en
bloom-housing,bloom-housing,,no_website,
akaunting,akaunting,https://akaunting.com,ok,https://akaunting.com/
TheXTech,thextech,https://wohlsoft.ru/projects/TheXTech/,ok,https://wohlsoft.ru/projects/TheXTech/
borglab,borglab,,no_website,
archtechx,archtechx,https://archte.ch,ok,https://archte.ch/
bitcoin-dev-project,bitcoin-dev-project,https://bitcoindevs.xyz,ok,https://bitcoindevs.xyz/
boardgameio,boardgameio,https://boardgame.io,ok,https://boardgame.io/
bruin-data,bruin-data,https://getbruin.com,ok,https://getbruin.com/
bic-org,bic-org,https://www.bic-code.org,ok,https://www.bic-code.org/
baizhiheizi,baizhiheizi,https://baizhiheizi.com,error,Exceeded 30 redirects.
ccao-data,ccao-data,https://www.cookcountyassessoril.gov,ok,https://www.cookcountyassessoril.gov/
calagopus,calagopus,https://calagopus.com,ok,https://calagopus.com/
chainstacklabs,chainstacklabs,https://chainstack.com,ok,https://chainstack.com/
bigprof-software,bigprof-software,https://bigprof.com,ok,https://bigprof.com/
churnkey,churnkey,https://churnkey.co,ok,https://churnkey.co/
celerp,celerp,https://www.celerp.com,ok,https://celerp.com/
castle-engine,castle-engine,https://castle-engine.io,ok,https://castle-engine.io/
chickensoft-games,chickensoft-games,https://chickensoft.games,ok,https://chickensoft.games/
classroomio,classroomio,https://classroomio.com,ok,https://classroomio.com/
copper-project,copper-project,,no_website,
commaai,commaai,https://comma.ai,ok,https://comma.ai/
canton-network,canton-network,https://canton.network,ok,https://www.canton.network/
constructorfabric,constructorfabric,https://constructorfabric.org,ok,https://constructorfabric.org/
autowarefoundation,autowarefoundation,https://www.autoware.org,ok,https://autoware.org/
codeforlife-education,codeforlife-education,https://www.codeforlife.education,ok,https://www.codeforlife.education/
cilium,cilium,https://cilium.io,ok,https://cilium.io/
biblys,biblys,http://biblys.fr,ok,https://biblys.org/
crownengine,crownengine,https://www.crownengine.org,ok,https://www.crownengine.org/
datajuicer,datajuicer,,no_website,
cryostatio,cryostatio,https://cryostat.io,ok,https://cryostat.io/
dealfluence,dealfluence,,no_website,
cpinitiative,cpinitiative,https://joincpi.org,ok,https://joincpi.org/
blumilksoftware,blumilksoftware,http://blumilk.pl,ok,https://blumilk.pl/en
daccotta-org,daccotta-org,https://daccotta.com,ok,https://daccotta.com/
debezium,debezium,https://debezium.io,ok,https://debezium.io/
drt-hub,drt-hub,,no_website,
disclose,disclose,https://disclose.io,ok,https://disclose.io/
eclipse-zenoh,eclipse-zenoh,,no_website,
dfinity,dfinity,https://dfinity.org,ok,https://dfinity.org/
coollabsio,coollabsio,https://coollabs.io,ok,https://coollabs.io/
dbt-labs,dbt-labs,https://getdbt.com,ok,https://www.getdbt.com/
cran-task-views,cran-task-views,https://cran.r-project.org/web/views/,ok,https://cran.r-project.org/web/views/
endless-sky,endless-sky,,no_website,
cyberbotics,cyberbotics,https://cyberbotics.com,ok,https://cyberbotics.com/
ecomplus,ecomplus,https://developers.e-com.plus,ok,https://developers.e-com.plus/
epic-open-source,epic-open-source,https://www.epic.com,ok,https://www.epic.com/
etewiah,etewiah,,no_website,
eftechcombr,eftechcombr,https://www.eftech.com.br,ok,https://www.eftech.com.br/
DiligentGraphics,diligentgraphics,http://diligentgraphics.com,ok,https://diligentgraphics.com/
dagucloud,dagucloud,https://dagu.sh,ok,https://dagu.sh/
estuary,estuary,https://estuary.dev,ok,https://estuary.dev/
elimu-ai,elimu-ai,https://elimu.ai,ok,https://elimu.ai/
databayt,databayt,https://www.databayt.org,ok,https://www.databayt.org/en
beikeshop,beikeshop,https://www.beikeshop.com,ok,https://beikeshop.com/
elodin-sys,elodin-sys,https://elodin.systems,ok,https://www.elodin.systems/
exactly,exactly,https://exact.ly,ok,https://exact.ly/
fedbiomed,fedbiomed,https://fedbiomed.org,ok,https://fedbiomed.org/
exyte,exyte,https://exyte.com,ok,https://exyte.com/
ere-health,ere-health,https://ere.health,ok,https://ere.health/
finos,finos,https://landscape.finos.org,ok,https://landscape.finos.org/
foundation50,foundation50,https://fifty.foundation,ok,https://fifty.foundation/
fluttercandies,fluttercandies,http://fluttercandies.com,ok,http://fluttercandies.com/
ever-co,ever-co,https://ever.co,ok,https://ever.co/
evershopcommerce,evershopcommerce,https://evershop.io,ok,https://evershop.io/
earthians,earthians,https://earthianslive.com,ok,https://earthianslive.com/
foxglove,foxglove,https://foxglove.dev,ok,https://foxglove.dev/
gardener,gardener,https://gardener.cloud,ok,https://gardener.cloud/
gosqasorg,gosqasorg,,no_website,
gofractally,gofractally,https://fractally.com,ok,https://fractally.com/
fineprint-global,fineprint-global,https://fineprint.resource-use.global,ok,https://fineprint.resource-use.global/
fleetbase,fleetbase,https://www.fleetbase.io,ok,https://fleetbase.io/
hapifhir,hapifhir,https://github.com/jamesagnew/hapi-fhir,excluded_non_company_host,https://github.com/jamesagnew/hapi-fhir
gbionics,gbionics,https://gbionics.ai,error,403 Client Error: Forbidden for url: https://gbionics.ai/
game-ci,game-ci,https://game.ci,ok,https://game.ci/
gumlet,gumlet,https://www.gumlet.com,ok,https://www.gumlet.com/
haxtheweb,haxtheweb,https://hax.psu.edu,ok,https://hax.psu.edu/
hightower-systems,hightower-systems,,no_website,
foundry-rs,foundry-rs,https://getfoundry.sh,ok,https://www.getfoundry.sh/
hpi-schul-cloud,hpi-schul-cloud,,no_website,
gochain,gochain,https://gochain.io,ok,https://gochain.io/
growthepie,growthepie,https://www.growthepie.com,ok,https://www.growthepie.com/
hyperledger-labs,hyperledger-labs,https://lf-decentralized-trust-labs.github.io,ok,https://lf-decentralized-trust-labs.github.io/
heroiclabs,heroiclabs,https://heroiclabs.com,ok,https://heroiclabs.com/
ibuilder,ibuilder,,no_website,
gear-tech,gear-tech,https://gear-tech.io,ok,https://gear-tech.io/
hedyorg,hedyorg,https://www.hedy.org,ok,https://www.hedy.org/
i-dot-ai,i-dot-ai,https://ai.gov.uk,error,403 Client Error: Forbidden for url: https://ai.gov.uk/
hpi-studyu,hpi-studyu,https://studyu.health,ok,https://www.studyu.health/
immutable,immutable,https://immutable.com,ok,https://www.immutable.com/
iblai,iblai,https://ibl.ai,ok,https://ibl.ai/
iflytek,iflytek,https://opensource.iflytek.com,ok,https://opensource.iflytek.com/
healthchainai,healthchainai,https://dotimplement.ai,ok,https://dotimplement.ai/
horilla,horilla,https://horilla.com,ok,https://www.horilla.com/
juspay,juspay,https://www.juspay.in,ok,https://juspay.io/us
jmix-framework,jmix-framework,https://www.jmix.io,ok,https://www.jmix.io/
gurkenlabs,gurkenlabs,http://www.gurkenlabs.de,ok,https://gurkenlabs.de/
langfuse,langfuse,https://langfuse.com,ok,https://langfuse.com/
langchain-ai,langchain-ai,https://www.langchain.com,ok,https://www.langchain.com/
kairos-io,kairos-io,https://kairos.io,ok,https://kairos.io/
learning-commons-org,learning-commons-org,https://learningcommons.org,ok,https://learningcommons.org/
jlawyerorg,jlawyerorg,http://www.j-lawyer.org,ok,https://www.j-lawyer.org/
lge-ros2,lge-ros2,,no_website,
learningeconomy,learningeconomy,https://www.learningeconomy.io,ok,https://www.learningeconomy.io/
licensee,licensee,,no_website,
flaskbb,flaskbb,https://flaskbb.org,ok,https://uk-freshbet.com/
learnhouse,learnhouse,https://learnhouse.app,ok,https://www.learnhouse.app/
lifinance,lifinance,https://li.fi,ok,https://li.fi/
ihmcrobotics,ihmcrobotics,https://robots.ihmc.us,ok,https://robots.ihmc.us/
livekit,livekit,https://livekit.io,ok,https://livekit.com/
insightsengineering,insightsengineering,https://code4life.roche.com,ok,https://careers.roche.com/global/en/tech4life
kuestcom,kuestcom,https://kuest.com,ok,https://kuest.com/
lomiafrica,lomiafrica,https://lomi.africa,ok,https://lomi.africa/
masslight,masslight,,no_website,
luanti-org,luanti-org,https://www.luanti.org,ok,https://www.luanti.org/
medulla-tech,medulla-tech,https://medulla-tech.io,error,403 Client Error: Forbidden for url: https://medulla-tech.io/
logicaldoc,logicaldoc,https://www.logicaldoc.com,ok,https://www.logicaldoc.com/
manypost,manypost,https://manypost.com.br,ok,https://manypost.com.br/
medplum,medplum,https://www.medplum.com,ok,https://www.medplum.com/
margelo,margelo,https://margelo.com,ok,https://margelo.com/
mindwear-capitian,mindwear-capitian,,no_website,
medusajs,medusajs,https://medusajs.com,ok,https://medusajs.com/
mit-spatial-action,mit-spatial-action,,no_website,
intershop,intershop,https://intershop.com,ok,https://www.intershop.com/en/
microblink,microblink,https://microblink.com,ok,https://microblink.com/
metorial,metorial,https://metorial.com,ok,https://metorial.com/
mloda-ai,mloda-ai,https://mloda.ai,ok,https://mloda.ai/
moov-io,moov-io,https://moov.io,ok,https://moov.io/
mercurjs,mercurjs,https://www.mercurjs.com,ok,https://www.mercurjs.com/
mx-space,mx-space,https://mx-space.js.org,ok,https://mx-space.js.org/
mugnavo,mugnavo,https://mugnavo.com,ok,https://mugnavo.com/
nasa-jpl,nasa-jpl,https://www.jpl.nasa.gov,error,403 Client Error: Forbidden for url: https://www.jpl.nasa.gov/
newton-physics,newton-physics,,no_website,
nats-io,nats-io,https://nats.io,ok,https://nats.io/
nfdi4plants,nfdi4plants,,no_website,
neuml,neuml,https://neuml.com,ok,https://neuml.com/
o2-engine,o2-engine,,no_website,
innate-inc,innate-inc,https://innate.bot,ok,https://www.innate.bot/
namiml,namiml,https://www.nami.ml,ok,https://www.nami.ml/
naev,naev,https://codeberg.org/naev,ok,https://codeberg.org/naev
oaknational,oaknational,https://www.thenational.academy,ok,https://www.thenational.academy/
ohcnetwork,ohcnetwork,https://ohc.network,ok,https://ohc.network/
odpi,odpi,https://lfaidata.foundation,ok,https://lfaidata.foundation/
nextcloud,nextcloud,https://nextcloud.com,ok,https://nextcloud.com/
open-condo-software,open-condo-software,,no_website,
open-space-collective,open-space-collective,,no_website,
onflow,onflow,https://flow.com,ok,https://flow.com/
o3de,o3de,https://o3de.org,ok,https://o3de.org/
opengeos,opengeos,https://opengeos.org,error,403 Client Error: Forbidden for url: https://opengeos.org/
open-telemetry,open-telemetry,https://opentelemetry.io,ok,https://opentelemetry.io/
opensearch-project,opensearch-project,https://opensearch.org,ok,https://opensearch.org/
opensensorhub,opensensorhub,http://www.opensensorhub.org,ok,https://opensensorhub.org/
orangecoding,orangecoding,,no_website,
nmi-agro,nmi-agro,https://www.nmi-agro.nl,ok,https://www.nmi-agro.nl/
orbitalindex,orbitalindex,https://orbitalindex.com,ok,https://orbitalindex.com/
ossimlabs,ossimlabs,,no_website,
opensource-socialnetwork,opensource-socialnetwork,https://www.opensource-socialnetwork.org,ok,https://www.opensource-socialnetwork.org/
minthcm,minthcm,https://minthcm.org,ok,https://minthcm.org/
openlinker-project,openlinker-project,https://openlinker.io,ok,https://openlinker.io/en/
maize-tech,maize-tech,https://maize.io,ok,https://www.maize.io:443/
ohs-foundation,ohs-foundation,https://ohs.foundation,ok,https://ohs.foundation/
paradigmxyz,paradigmxyz,https://paradigm.xyz,ok,https://www.paradigm.xyz/
pharmaverse,pharmaverse,,no_website,
oxylabs,oxylabs,https://oxylabs.io,ok,https://oxylabs.io/
phase-rs,phase-rs,https://preview.phase-rs.dev,ok,https://preview.phase-rs.dev/
otter-sec,otter-sec,https://osec.io,ok,https://osec.io/
osunyorg,osunyorg,https://www.osuny.org,ok,https://www.osuny.org/
polarsource,polarsource,https://polar.sh,ok,https://polar.sh/
polkadot-api,polkadot-api,,no_website,
publicmap,publicmap,,no_website,
pneumaticapp,pneumaticapp,https://www.pneumatic.app,ok,https://www.pneumatic.app/
pactflow,pactflow,https://pactflow.io,ok,https://pactflow.io/
pluginsGLPI,pluginsglpi,http://plugins.glpi-project.org,ok,https://plugins.glpi-project.org/
radcrew,radcrew,https://github.com/radcrew,excluded_non_company_host,https://github.com/radcrew
pyck-ai,pyck-ai,https://pyck.ai,ok,https://pyck.ai/
redpanda-data,redpanda-data,https://redpanda.com,ok,https://www.redpanda.com/
reductstore,reductstore,https://www.reduct.store,ok,https://www.reduct.store/
pysnippet,pysnippet,https://pysnippet.org,ok,https://pysnippet.org/
rapidez,rapidez,https://rapidez.io,ok,https://rapidez.io/
phamos-eu,phamos-eu,https://phamos.eu,ok,https://phamos.eu/home
qualcomm,qualcomm,https://qualcomm.com/developer,ok,https://www.qualcomm.com/developer
robot-descriptions,robot-descriptions,,no_website,
phoenixctms,phoenixctms,https://www.phoenixctms.org,ok,https://www.phoenixctms.org/
rocketride-org,rocketride-org,https://rocketride.org,ok,https://rocketride.org/
rocky-data,rocky-data,https://rocky-data.dev,ok,https://rocky-data.dev/
rive-app,rive-app,https://rive.app,ok,https://rive.app/
ros-navigation,ros-navigation,https://nav2.org,ok,https://nav2.org/
rerun-io,rerun-io,https://www.rerun.io,ok,https://rerun.io/
rspatial,rspatial,https://github.com/rspatial,excluded_non_company_host,https://github.com/rspatial
doriaxengine,doriaxengine,https://www.doriax.com,error,"HTTPSConnectionPool(host='www.doriax.com', port=443): Max retries exceeded with url: / (Caused by ConnectTimeoutError(<HTTPSConnection(host='www.doriax.com', port=443) at 0x7f059435f0b0>, 'Connection to www.doriax.com timed out. (connect timeout=8)'))"
rspace-os,rspace-os,https://www.researchspace.com,ok,https://www.researchspace.com/
rpgppengine,rpgppengine,https://rpgpp.dev,error,404 Client Error: Not Found for url: https://rpgpp.dev/
rudderlabs,rudderlabs,https://www.rudderstack.com,ok,https://www.rudderstack.com/
sablier-labs,sablier-labs,https://sablier.com,ok,https://sablier.com/
relizaio,relizaio,http://reliza.io,ok,https://reliza.io/
samply,samply,,no_website,
relaticle,relaticle,https://relaticle.com,ok,https://relaticle.com/
sarvalabs,sarvalabs,,no_website,
ryzom,ryzom,https://wiki.ryzom.dev,ok,https://wiki.ryzom.dev/
sapic,sapic,https://steam.design,ok,https://steam.design/
selfpatch,selfpatch,,no_website,
scribe-org,scribe-org,https://scri.be,ok,https://scri.be/
goodrain,goodrain,https://www.rainbond.com,ok,https://www.rainbond.com/
slothflowlabs,slothflowlabs,,no_website,
saleor,saleor,https://saleor.io,ok,https://saleor.io/
solana-foundation,solana-foundation,https://solana.org,ok,https://solana.org/
simpledotorg,simpledotorg,https://simple.org,ok,https://www.simple.org/
securitybunker,securitybunker,https://databunker.org,ok,https://databunker.org/
solidusio,solidusio,https://solidus.io,ok,https://solidus.io/
spectrocloud,spectrocloud,https://www.spectrocloud.com,ok,https://www.spectrocloud.com/
skybrush-io,skybrush-io,https://skybrush.io,ok,https://skybrush.io/
splintered-reality,splintered-reality,,no_website,
starlake-ai,starlake-ai,,no_website,
saas-js,saas-js,https://www.saas-ui.dev,ok,https://saas-ui.dev/
space-wizards,space-wizards,https://spacestation14.com,ok,https://spacestation14.com/
starwards,starwards,https://blog.starwards.space,ok,https://blog.starwards.space/
stella,stella,https://stll.app,ok,https://stll.app/
sonic-pi-net,sonic-pi-net,https://sonic-pi.net,ok,https://sonic-pi.net/
status-im,status-im,https://status.app,ok,https://status.app/
subsquid,subsquid,https://sqd.dev,ok,https://sqd.dev/
speedyapply,speedyapply,https://speedyapply.com,ok,https://www.speedyapply.com/
tae0y,tae0y,,no_website,
stereolabs,stereolabs,https://stereolabs.com,ok,https://www.stereolabs.com/
superlinked,superlinked,https://superlinked.com,ok,https://superlinked.com/
rt-net,rt-net,https://rt-net.jp,ok,https://rt-net.jp/
sunlabuiuc,sunlabuiuc,http://sunlab.org,ok,https://www.sunlab.org/
tempoxyz,tempoxyz,https://tempo.xyz,ok,https://tempo.xyz/
the-momentum,the-momentum,https://www.themomentum.ai,ok,https://www.themomentum.ai/
ondata,ondata,http://ondata.it,ok,https://www.ondata.it/
tradingstrategy-ai,tradingstrategy-ai,https://tradingstrategy.ai,ok,https://tradingstrategy.ai/
thunder-engine,thunder-engine,https://thunderengine.org,ok,https://thunderengine.org/
third-culture-software,third-culture-software,https://blog.thirdculturesoftware.com,ok,https://blog.thirdculturesoftware.com/
swellstores,swellstores,https://swell.is,ok,https://www.swell.is/
temporalio,temporalio,https://temporal.io,ok,https://temporal.io/
ucfopen,ucfopen,,no_website,
tuva-health,tuva-health,http://thetuvaproject.com,ok,https://thetuvaproject.com/
towardsai,towardsai,https://towardsai.net,ok,https://towardsai.com/
untrustedmodders,untrustedmodders,,no_website,
trustwallet,trustwallet,https://trustwallet.com,ok,https://trustwallet.com/
unacms,unacms,https://unacms.com,ok,https://unacms.com/
trovu,trovu,https://trovu.net,ok,https://trovu.net/
thirtybees,thirtybees,https://thirtybees.com,ok,https://thirtybees.com/
verl-project,verl-project,,no_website,
tutors-sdk,tutors-sdk,https://tutors.dev,ok,https://tutors.dev/
spedas,spedas,https://www.spedas.org,ok,https://spedas.org/blog/
laudspeaker,laudspeaker,https://laudspeaker.com,error,"HTTPSConnectionPool(host='laudspeaker.com', port=443): Max retries exceeded with url: / (Caused by ConnectTimeoutError(<HTTPSConnection(host='laudspeaker.com', port=443) at 0x7f05943b6840>, 'Connection to laudspeaker.com timed out. (connect timeout=8)'))"
ucpu,ucpu,https://ucpu.cz,ok,https://ucpu.cz/
yzxingtu2026,yzxingtu2026,,no_website,
wasp-lang,wasp-lang,https://wasp.sh,ok,https://wasp.sh/
vanilophp,vanilophp,https://vanilo.io,ok,https://vanilo.io/
vendurehq,vendurehq,https://vendure.io,ok,https://vendure.io/
zxcloli666,zxcloli666,,no_website,
usertour,usertour,https://usertour.io,ok,https://www.usertour.io/
zoonk,zoonk,https://zoonk.com,error,429 Client Error: Too Many Requests for url: https://zoonk.com/
zenstackhq,zenstackhq,https://zenstack.dev,ok,https://zenstack.dev/
wevm,wevm,https://wevm.dev,ok,https://wevm.dev/
ut-issl,ut-issl,https://www.space.t.u-tokyo.ac.jp,ok,https://www.space.t.u-tokyo.ac.jp/
vuestorefront,vuestorefront,https://www.alokai.com,ok,https://alokai.com/
zapplyjobs,zapplyjobs,https://zapply.jobs,ok,https://zapply.jobs/
liberusoftware,liberusoftware,https://www.liberu.co.uk,error,"HTTPSConnectionPool(host='www.liberuservices.com', port=443): Max retries exceeded with url: / (Caused by ConnectTimeoutError(<HTTPSConnection(host='www.liberuservices.com', port=443) at 0x7f05943b4410>, 'Connection to www.liberuservices.com timed out. (connect timeout=8)'))"
wp-erp,wp-erp,https://wperp.com,ok,https://wperp.com/
rosteleset,rosteleset,https://rosteleset.ru,error,"HTTPSConnectionPool(host='rosteleset.ru', port=443): Max retries exceeded with url: / (Caused by ConnectTimeoutError(<HTTPSConnection(host='rosteleset.ru', port=443) at 0x7f05942fa690>, 'Connection to rosteleset.ru timed out. (connect timeout=8)'))"
orbiternassp,orbiternassp,https://nassp.space,error,"HTTPSConnectionPool(host='nassp.space', port=443): Max retries exceeded with url: / (Caused by NameResolutionError(""HTTPSConnection(host='nassp.space', port=443): Failed to resolve 'nassp.space' ([Errno -3] Temporary failure in name resolution)""))"
